Nama Tempat,Lokasi,Kategori,Rating,Jumlah Review,Harga Tiket,Pengikut IG,Fasilitas,Review
Pantai Mutun,Pesawaran,Alam,4.2,5488,30000,1390,Waterboom. Toilet. Kamar Ganti. Warung Makan. Sewa ban. perahu ke pulau tangkil,Pantai dengan pasir yang putih. tempat yang pas buat wisata mantai. tempat parkir yang sangat luas. cocok bersama keluarga.
Pantai Klara,Pesawaran,Alam,4.4,3737,25000,649,parkir luas. sewa saung. kamar mandi. kamar bilas. rental perahu. kedai makanan. banana boat.,masuknya murah di hitung per kendaraan. air dangkal dan hangat. view dari atas jembatan cakep. air lautnya bening. pantainya bersih.
Pulau Pahawang,Pesawaran,Alam,4.8,1200,270000,49000,Resort & villa. Penginapan (cottage di atas laut). penyewaan alat snorkeling. dan perahu wisata.,Rekomendasi wisata yang terkenal dengan keindahan bawah air. bisa liat nemo. seru buat snorkeling. pemandangannya cakep.
Pulau Kelagian,Pesawaran,Alam,4.5,193,15000,1835,Saung-saung untuk bersantai. snorkeling. banana boat. kedai makanan. spot foto yang bagus.,Pasir putihnya bersihhhh banget. ombaknya tenang. pas buat main-main. Warung jualannya pun harganya murah. Cocok deh buat wisata. Ada juga masjid dekat dari pelabuhannya.
Pantai Gigi Hiu,Tanggamus,Alam,4.6,1184,20000,757,Camping / berkemah. spot foto yang bagus,Salah satu wisata pantai terbaik di Kabupaten Tanggamus. namun akses jalannya masih lumayan ekstrem. namun setelah sampai disana dibayar dengan keindahannya.
Pantai Tanjung Setia,Lampung Barat,Alam,4.6,305,15000,800,Terdapat banyak penginapan (bungalow/resort) di pinggir pantai. kafe. surfing dan area parkir.,Di Lampung. kalau mau menikmati pantai yang ombaknya bagus. ke pantai ini adalah tempat yang tepat. Deru ombaknya. hadeuh. kayak berasa dipantai-pantai yang ada di Bali. Gak salah sih pantai ini jadi tempat pavorit buat selancar
Pantai Labuhan Jukung,Pesisir Barat,Alam,4.5,2426,10000,50,area parkir luas. toilet. gazebo. kios makanan/minuman. serta spot foto.,"Pantainya bagus bangett. apalagi kalo cuaca pas cerah
 Bisa lihat orang lagi latihan surfing juga. plus di deket pantai tuh kalo minggu ada kaya bazaar gitu jadi banyak makanan dan jajanan. makannya bisa di pinggir pantai sambil menikmati deburan ombak"
Pantai Walur,Pesisir Barat,Alam,4.5,156,5000,0,"Area parkir yang cukup luas
 Kamar mandi dan toilet yang cukup memadai
 Mushola atau tempat beribadah
 Rumah dan warung makan",Pantai walur adalah salah satu pantai wisata di pesisir barat.krui. lampung.pantai walur sendiri memiliki hamparan pasir putih yang indah dah ombak yg lumayan tenang
Air Terjun Batu Lapis,Tanggamus,Alam,4.7,43,10000,304,"Area Duduk: Menggunakan hamparan batu karang yang luas untuk bersantai sambil menikmati deburan ombak.
 Spot Foto: Seluruh area batuan berlapis sepanjang satu kilometer menjadi daya tarik utama.
 Pemandu Lokal: Tersedia di titik keberangkatan perahu untuk membantu navigasi ke lokasi.",Tidak ada pantai di Batu lapis. tp View cantik Gugusan Batu-batu karang yg berlapis-lapis . bikin tempat ini layak di kunjungi. Akses menuju kesini lumayan lancar. Pemandangan Indah . puas banget worth it
Pantai Sebalang,Lampung Selatan,Alam,3.9,1675,10000,1125,"Kafe & Resto: Berbagai pilihan tempat nongkrong dengan konsep outdoor.
 Spot Foto: Area khusus bertema Bali. termasuk gapura dan dekorasi lampu pantai.
 Akomodasi: Tersedia sekitar 20 kamar homestay dan area camping ground.
 Lainnya: Toilet (berbayar). musala. aula pertemuan. dan terkadang ada live music pada hari tertentu.",yah gw datengnya pas lagi surut. tapi nih pantai kalo lagi pasang kyaknya bagus banget sih.. tidak direkomendasikan utk berenang krna karangnya gede banget
Pantai Batu Rame,Lampung Selatan,Alam,4.4,759,0,166,"Warung makan dan jajanan lokal dengan harga terjangkau.
 Tempat duduk/saung (beberapa tersedia jika membeli dagangan di warung sekitar).
 Area parkir kendaraan.","Ombak gede. bsa liat sunset...
 Pantai free. ada warung+rumah2 an asal beli dagangan ya..bagi2 rezeki.. Cm bayar parkir dikelola akamsi.
 Saran tdk unt berenang banyak batu karang"
Teluk Kiluan,Tanggamus,Alam,4.6,176,10000,5779,"Minimarket: Sudah terdapat Alfamart dan Indomaret sekitar 20 menit sebelum lokasi.
 Toilet & Kamar Bilas: Tersedia di area pantai dan penginapan.",View yg sangat indah. sayang jalanan menuju lokasi masih banyak yg rusak. alamnya indah. warganya ramah
Laguna Gayau,Tanggamus,Alam,4.7,135,6000,0,"Kamar Mandi & Toilet Umum.
 Area Selfie: Spot foto dengan latar belakang kolam alami dan laut lepas.
 Jalur Tracking: Jalur menyusuri bukit menuju laguna.
 Area Parkir: Tersedia di pintu masuk utama sebelum mulai berjalan kaki. 
 Jadesta - Lampung","Pantainya bagus..view nya astetik..airnya jernih
 Bisa buat berenang tp dgn pengasan
 
 Tapi aksesnya cukup melelahkan krn hrs jln kaki kurang lbh 30 menit lewat kebun2 hutan ...sebaiknya pagi atau siang jika ingin ke laguna gayau krn akses Agak seram dan jalanan agak curam dan berlukut
 Tidak di sarankan habis hujan ke laguna gayau krn jalanan licin"
Air Terjun Way Tayas,Lampung Selatan,Alam,4.5,2132,10000,243,"Tempat Ibadah: Tersedia musala untuk pengunjung.
 Kebutuhan Dasar: Kamar mandi/MCK dan tempat parkir.
 Area Bersantai: Gazebo. pondok wisata. dan taman untuk beristirahat.
 Konsumsi: Warung makanan dan rumah makan tersedia di sekitar area.","Tempatnya bagus dan lumayan bersih.
 Bagus untuk spot foto2. airnya jernih sejuk.
 
 Ada beberapa tempat yg kurang perawatan.
 Toilet atau ruang ganti yg sangat kotor pintu rusak. Kolam renang yg ga berfungsi lagi.
 
 Saran. Tambah lagi tempat sampah terutama di area air terjun kawasan gazebo dan jalan menuju tempat air terjun bawah.
 Terutama air terjun bawah yang ga ada sama sekali tempat sampah
 
 Ayo jaga dan rawat sebelum benar-benar t terawat"
Air Terjun 9 Putri,Lampung Selatan,Alam,4.3,70,0,3988,"Area camping dan jalur tracking hutan.
 Kolam alami yang aman untuk berenang karena arusnya yang tenang di titik tertentu.",Saat ini masih di kelola oleh masyarakat. akses jalur nya lumayan enak kalau dari parkir motor lumayan dekat. tidak merekomendasikan menggunakan kendaraan roda 4.
Air Terjun Putri Malu,Way Kanan,Alam,4.4,315,20000,0,"Parkir: Tersedia di titik penitipan kendaraan di pemukiman warga sebelum melanjutkan dengan ojek.
 Fasilitas Dasar: Terdapat toilet/MCK sederhana. namun ulasan pengunjung menyebutkan fasilitas ganti baju atau WC di dekat titik air terjun masih terbatas.",Pemandangan mahal dan eksotis. suasana sejuk di tengah hutan tropis. sangat cocok untuk pecinta petualangan dan tantangan.
Air Terjun Batu Putu,Bandar Lampung,Alam,4.1,405,20000,52,"Area parkir yang luas.
 Mushola.
 Kamar mandi/toilet.
 Kolam alami di bawah air terjun untuk bermain air.",suasana hutan yang masih asri. udara sejuk. dan debit air yang cukup deras. Namun. banyak yang memberikan catatan bahwa akses jalan setapak menuju air terjun berupa tangga paving yang licin dan berlumut. sehingga membutuhkan kondisi fisik yang prima dan kehati-hatian ekstra.
Air Terjun Ciupang,Lampung Selatan,Alam,4.5,287,10000,371,"Toilet/Restroom: Tersedia untuk bilas atau keperluan lainnya.
 Akses Tangga: Terdapat tangga beton yang memudahkan pengunjung untuk naik ke tingkatan air terjun yang lebih tinggi.
 Area Parkir: Tersedia lahan parkir yang dikelola warga di sekitar area masuk.",air terjun yang masih sangat alami. jernih. dan memiliki dua tingkatan yang bisa dijelajahi melalui tangga semen.
Air Terjun Way Kalam,Lampung Selatan,Alam,4.6,108,15000,3756,parkir. gazebo. toilet. mushola. ruang ganti. warung makanan.,Tempatnya masih sangat alami. air terjun lumayan tinggi Akses jalan mau ke lokasi harus turun tangga yg sangat bnyak. licin. dan tak berarturan. jadi hati2
Air Terjun Lembah Pelangi,Tanggamus,Alam,4.5,499,5000,142,parkir luas. warung. toilet. musola. dan kamar bilas.,Air terjun yg masih sangat asri. akses jalan menuju kesana masih terbilang sulit. banyak tanjakan. jalan yg kurang bagus. minim petunjuk menuju lokasi nya. tp sesampai di lokasi area Camping Ground nya luas
Bukit Sakura,Bandar Lampung,Buatan,4.3,4808,15000,13900,gazebo gratis. mushola. toilet. parkir. kolam renang. wahana anak (mandi bola. bombom car). panggung live music. dan spot foto ala Jepang.,salah satu tempat yang rekomendasi bagi kalian yang ingin suasana alam perbukitan dengan pemandangan2 yang menakjubkan.
Bukit Aslan,Bandar Lampung,Alam,4.5,1716,45000,38200,area santai. spot foto estetik. glamping. taman bermain. dan area berkemah.,Bagus. tertata. hanya jalan masuk agak sempit dan terjal. Lewat perkampungan. Masuk tiket berbayar sesuai hari week day or week end. Di atas cakep banget pemandangannya.
Puncak Mas,Bandar Lampung,Buatan,4.4,12989,20000,4479,parkir luas. gazebo. toilet. mushola unik di atas pohon. food court/kafe. playground anak. dan spot foto instagramable.,Puncak Mas. tempat wisata klasik yg menyajikan banyak spot foto dan pemandangan kota Bandar Lampung yg bagus. Spot fotonya dimulai dari balon udara sampai rumah terbalik.
Way Tebing Ceppa,Lampung Selatan,Alam,4.4,12989,20000,5329,parkir luas. gazebo. toilet. mushola. food court. dan spot foto instagramable.,Tempatnya bagus. udaranya dingin dan sejuk. memandangan kota lampung bisa di lihat di beberapa posisi utk di foto. banyak spot spot fotonya.
Gunung Pesagi,Lampung Barat,Alam,4.6,140,15000,4759,basecamp. pos pendakian di Pekon Hujung/Bahway. tenda dasar,Gunungnya bersih. pelayanannya baik dan ramah. serta jika mendaki belum mendapatkan gantungan kunci. harus kembali lagi sampai mendapatkannya.
Gunung Rajabasa,Lampung Selatan,Alam,4.5,275,10000,9655,basecamp. parkir. pos pendakian dasar. sumber air,Salah satu gunung yang cocok didaki oleh pemula karena jalurnya tidak terlalu curam. dengan pemandangan puncak yang indah serta memperlihatkan laut di wilayah Kalianda. Selain itu. area berkemah di puncak tidak terlalu sempit. dan tersedia basecamp dengan penjagaan selama 24 jam bagi pendaki yang ingin menitipkan kendaraan.
Gunung Tanggamus,Tanggamus,Alam,4.6,176,25000,4712,basecamp snorkeling. shelter dasar,Tempatnya sangat alami. udaranya masih segar dengan banyak pepohonan. Pada malam hari. suhunya dapat mencapai sekitar 20°C sehingga cocok untuk kegiatan berkemah.
Taman Nasional Way Kambas,Lampung Timur,Alam,4.3,5572,30000,53000,Elephant Conservation Response Unit. pos pengamatan satwa. penginapan ranger. jeep safari,Taman Nasional Way Kambas merupakan tempat di mana alam dan gajah hidup berdampingan secara harmonis. Menyaksikan banyak gajah dari dekat di habitat aslinya menjadi pengalaman yang sulit dilupakan.
Taman Kupu-Kupu Gita Persada,Lampung Selatan,Buatan,4.2,572,25000,1284,rumah pohon. gardu pandang. arena bermain anak. pondok menginap. galeri seni. parkir,Taman yang memiliki daya tarik utama berupa kupu-kupu. Jumlah kupu-kupu sangat banyak dengan warna yang beragam. Terdapat pula hatchery kupu-kupu yang berisi kepompong. serta area yang dipasangi jaring sehingga kupu-kupu tidak keluar dari lokasi tersebut.
Kebun Raya Itera,Lampung Selatan,Buatan,4.8,583,0,6708,labirin. taman estetika. rumah kaca. embung dengan pulau mini Sumatera. jalur pejalan kaki,Kebun Raya ITERA merupakan ruang terbuka hijau yang nyaman dan berpotensi sebagai tempat rekreasi sekaligus edukasi di Lampung. Kawasannya luas. tertata dengan cukup rapi. serta cocok untuk berjalan santai. jogging ringan. atau sekadar duduk menikmati suasana alam.
Taman Wisata Lembah Hijau,Bandar Lampung,Buatan,4.3,5649,50000,42500,aman satwa. waterboom. outbound. gajah tunggangan. pertunjukan burung. parkir. toilet. mushola. camping ground,Lembah Hijau Lampung merupakan salah satu tempat wisata yang tidak pernah membosankan. Suasananya sangat sejuk. dipenuhi banyak pepohonan. serta memiliki udara yang segar sehingga sangat cocok untuk melepas penat dari panas dan kemacetan kota.
Taman Wisata Bumi Kedaton,Bandar Lampung,Buatan,4.7,7,40000,343,"Area Parkir. Toilet. Mushola. Kolam renang (dewasa & anak)
 Kolam arus & kolam mandi busa","Wahana cukup lengkap. tempat luas.
 Bisa lihat dan memberi makan hewan. Kondisi lebih rapi dari sebelumnya."
Bukit Embun,Lampung Barat,Alam,4.6,312,10000,12900,"Pemandangan sangat indah. terutama saat pagi hari 
 dengan fenomena lautan awan.
 Cocok untuk camping dan menikmati suasana alam yang sejuk.",Pemandangan sangat indah. terutama saat pagi hari dengan fenomena lautan awan. Cocok untuk camping dan menikmati suasana alam yang sejuk.
Taman Hamtebiu,Lampung Barat,Buatan,4.4,1113,0,2342,"Taman Hamtebiu memiliki danau. gazebo.area bermain. 
 spot foto. sepeda air. serta fasilitas umum seperti toilet. parkir.",Taman Hamtebiu cukup nyaman dan sejuk untuk bersantai. cocok untuk keluarga dengan fasilitas sederhana yang cukup memadai. meskipun perawatannya masih perlu ditingkatkan.
Temiangan Hill,Lampung Barat,Alam,4.7,31,0,9585,Spot Foto. Kamar Mandi. Mushola.,Pemandangan sangat indah. terutama saat pagi hari dengan hamparan awan seperti “negeri di atas awan”. Cocok untuk camping dan menikmati sunrise.
Danau Suoh,Lampung Barat,Alam,4.4,136,5000,0,"Area parkir.Toilet umum.Mushola
 Warung makan/minuman. area istirahat
 Spot foto alam dan area piknik",Pemandangan sangat unik dengan danau dan area panas bumi. suasana masih alami dan menarik untuk dikunjungi.
Danau Lebar,Lampung Barat,Alam,4.5,22,10000,702,"Fasilitas Danau Lebar Suoh cukup sederhana. seperti parkir.
  toilet. warung. spot foto. serta area camping dan piknik.",Bagus Tempatnya. masih asri. sekarang sudah lumayan aksesnya
Danau Minyak,Lampung Barat,Alam,4.3,6,5000,0,Area Parkir. Warung kecil. Spot Foto,Danau Minyak Suoh memiliki pemandangan yang unik dengan fenomena air yang terlihat seperti minyak. Suasananya masih alami dan tenang. cocok untuk wisata alam.
Danau Asam,Lampung Barat,Alam,4.2,32,5000,0,"gazebo untuk bersantai. area parkir. warung makan.
 perahu sewa untuk berkeliling danau. 
 dermaga kayu. serta spot foto di kawasan savana dan Keramikan.","destinasi wisata alam tersembunyi yang menawarkan
 paket lengkap: 4 danau unik (Asam. Lebar. Minyak. Belibis). 
 kawah panas bumi (Keramikan). dan savana luas."
Danau Tirta Gangga,Lampung Tengah,Buatan,4.3,5572,5000,2000,"Area parkir, gazebo, spot foto, tempat duduk, warung sekitar","Suasana danau cukup tenang, cocok untuk bersantai dan menikmati pemandangan alam."
Hutan Mangrove Sriminosari,Lampung Timur,Alam,4.1,110,10000,0,"jalur trekking kayu/bambu sepanjang ratusan meter.
 gazebo (pondokan) untuk istirahat. 
 perahu sewa untuk menyusuri area. mushola. MCK. 
 serta saung kuliner khas daerah",ekowisata berbasis swadaya masyarakat yang menawarkan trekking jembatan kayu menyusuri hutan bakau. spot foto selfie. pemandangan matahari terbenam (sunset) yang memukau. serta keanekaragaman hayati (burung dan kepiting).
Kebun Raya Liwa,Lampung Barat,Buatan,4.5,2720,10000,2544,"area tanaman hias. taman tematik seperti taman obat dan rumput
 serta koleksi tumbuhan langka.","destinasi wisata edukasi botani seluas 86 hektar yang sejuk. asri. 
 dan populer untuk healing."
Museum Lampung,Bandar Lampung,Budaya,4.5,2993,5000,3563,"Area parkir, ruang pameran, toilet, papan informasi, ruang edukasi",Tempat ini menarik untuk mengenal sejarah dan budaya Lampung secara lebih dekat.
Menara Siger,Lampung Selatan,Budaya,4.4,8984,0,494,"Area parkir, spot foto, toilet, tempat istirahat, akses jalan utama",Ikon Lampung ini memiliki pemandangan yang indah dan cocok untuk dokumentasi wisata.
Masjid Agung Al-Furqon,Bandar Lampung,Budaya,4.8,105,0,644,"Area parkir, tempat wudhu, toilet, ruang ibadah, halaman luas","Masjid terlihat megah, bersih, dan nyaman digunakan untuk beribadah maupun berkunjung."
Lengkung Langit 1,Bandar Lampung,Buatan,4.5,1961,15000,21700,Parkir. Resto. Waterpark,Tempat wisata ini memiliki banyak spot foto menarik dan suasana yang nyaman untuk keluarga.
Farm Day,Bandar Lampung,Buatan,4.2,454,30000,25200,Musholla. Parkir. Taman Satwa,Bisa ketemu macam-macam hewan dan memberi makan juga. namun harus membeli pakan nya dahulu.
Taman Merdeka Metro,Metro,Buatan,4.5,11422,0,0,Warung. Olahraga. Taman bermain,Kemajuan yang signifikan dari kondisi sebelumnya yang semrawut. saat ini berubah wajah menjadi Ruang Terbuka Hijau yang cukup nyaman dan ideal.
Lapangan Saburai,Bandar Lampung,Buatan,4.6,1527,0,0,Warung. Parkir,Kemajuan yang signifikan dari kondisi sebelumnya yang semrawut. saat ini berubah wajah menjadi Ruang Terbuka Hijau yang cukup nyaman dan ideal.
Lembah Batu Heritage,Bandar Lampung,Buatan,4.7,3389,300000,31200,Parkir. Resto. Penginapan,Tempatnya bagus. pemandangan nya indah . suasananya sejuk . Untuk makanan nya oke.
Wira Garden,Bandar Lampung,Alam,4.5,3359,15000,34700,Piknik. Parkir. Camping,banyak tempat teduh. bersih. tiap tempat bisa jadi spot foto. sungainya jernih. pegawainya baik. enak buat ngelamun juga.
Gunung Seminung,Lampung Barat,Alam,4.6,261,10000,7791,pos pendakian via Pekon Tebak Pring/Kota Batu. sumber air panas di kaki. tanpa toilet modern,Lumayan bersih. spot fotonya bagus. cuaca yang lumayan dingin
Gerbang Langit,Lampung Barat,Alam,4.8,47,0,1279,parkir luas. toilet bersih. mushola. warung makan/kantin. spot foto estetik. dan area camping ground.,"Pemandangannya sangat bagus dan indah. kendaraan dapat mencapai lokasi dengan aman. staf bersikap ramah serta sangat membantu. kamar mandi bersih dan terawat. serta tempat ini direkomendasikan untuk mencari ketenangan pada hari kerja."
Bukit Cendana,Pesawaran,Alam,4.6,342,5000,5071,pot foto. area camping. warung makan. parkir luas. buka 24 jam.,Bukit Cendana. Lampung. merupakan sebuah area perkemahan luas yang mampu menampung hingga 150 tenda. Tempat ini menawarkan pemandangan alam yang hijau dan asri. serta pemandangan indah laut Pesawaran dari ketinggian
Pantai Senaya,Pesawaran,Alam,4.7,785,3500,19800,gazebo. payung pantai. ayunan. beanbag. matras. mushola. toilet. tempat bilas. parkir luas. playground anak. food court. Wi-Fi.,"Pantai Baru yang berada di daerah Kalianda memiliki pemandangan yang sangat menarik. Area parkir untuk mobil dan sepeda motor cukup luas. Harga tiket masuk juga terjangkau. Pengunjung mendapatkan fasilitas tempat duduk dan toilet secara gratis. kecuali untuk wahana berkuda."
Pantai Kedu Warna,Lampung Selatan,Alam,4.6,412,15000,20700,toilet. mushola. gazebo. spot foto. karaoke. parkir luas,"Pantainya bersih dan cukup asri karena dipenuhi banyak pepohonan. Tersedia pula area khusus untuk memancing. Fasilitas seperti musala. tempat bilas. dan toilet juga tersedia. Untuk makanan. disarankan membawa sendiri. Selain itu. pengunjung dapat menyewa kuda dan ATV untuk berkeliling."
Pantai Rio by The Beach,Lampung Selatan,Alam,4.6,2668,40000,51200,Gazebo. beanbag. toilet/kamar bilas. mushola. food court. spot foto. playground anak. glamping. voli pantai ,"Pemandangannya sangat baik. baik dari bagian atas maupun bawah. Fasilitas yang tersedia cukup lengkap. meliputi banyak gazebo. musala. tempat berjualan makanan. kamar mandi. serta tempat bilas. Tempat ini sangat cocok untuk beristirahat dan menyegarkan pikiran bersama pasangan. keluarga. dan lain sebagainya."
Pantai Semukuk,Lampung Selatan,Alam,4.5,659,5000,4884,"Sewa matras. lazy bag. hammock. tenda. kursi/payung pantai. toilet. mushola. warung; buka 24 jam.

","Pantainya bersih. area parkir memadai. dan kendaraan roda empat dapat masuk ke lokasi. Pembayaran tiket masuk tidak memerlukan biaya parkir tambahan. Fasilitas yang tersedia cukup lengkap. meliputi musala. toilet. kamar mandi. serta tempat bilas yang bersih dan masih baru.
"
Bukit Slimpuyang,Lampung Selatan,Alam,4.5,94,35000,1901,"area tenda. spot foto. akses pantai alami.
","Petugas serta objek wisata yang ditawarkan memang sangat menarik. Kunjungan pertama dan terakhir ke sana dilakukan saat cuaca kurang mendukung. namun tetap memberikan pengalaman yang cukup menyenangkan. Tempat ini akan terasa lebih seru apabila dikunjungi secara ramai-ramai."
Bukit Paralayang,Lampung Selatan,Alam,4.7,14793,0,0,Area take off/landing. spot sunset. camping ground. parkir. warung dasar.,"Tempatnya sangat menarik karena pengunjung dapat melihat banyak pantai sekaligus dari ketinggian. Di lokasi ini tidak dikenakan biaya tiket masuk. sehingga pengunjung hanya perlu membayar biaya parkir."
Pulau Sebesi,Lampung Selatan,Alam,4.4,259,25000,13300, homestay Rp100.000-300.000/malam. kapal dari Dermaga Canti Rp25.000/orang (1-1.5 jam). toilet dasar. warung; cocok trekking/snorkeling.,Pemandangan gunung yang sangat memukau bisa kalian temui disini. Setiap pagi diselimuti kabut yang bisa bertahan hingga jam 11 siang. best view persoal bisa dilihat ketika kalian ke dermaga atau di kaki gunung yang kalian tinggali.
Pulau Sebuku,Lampung Selatan,Alam,4.3,69,0,0,snorkeling. pantai. spot foto. pemandangan Anak Gunung Krakatau. open trip dengan homestay. makan. pelampung. dokumentasi. dan kapal wisata. ,"Pulau Sebuku merupakan salah satu pulau yang indah di wilayah Lampung Selatan. Jika melakukan perjalanan ke Krakatau. biasanya wisatawan akan singgah di Pulau Sebuku Kecil dan Pulau Sebuku Besar. Air lautnya jernih dengan keindahan bawah laut yang memukau. serta memiliki pasir pantai berwarna putih."
Pantai Minang Rua,Lampung Selatan,Alam,4.4,734,10000,19500,toilet. mushola. gazebo. warung makan. area parkir. spot snorkeling. Green Canyon. air terjun. gua kelelawar. konservasi penyu. dan penginapan. ,"Pantai ini cukup direkomendasikan untuk dikunjungi. namun kondisi terasa panas karena pepohonan masih relatif kecil. Terdapat banyak warung. sehingga tidak perlu khawatir apabila tidak membawa makanan."
Pantai Marina,Lampung Selatan,Alam,4.6,2472,40000,47800,gazebo. mushola. toilet. aula. warung makan. area parkir luas. spot foto. camping. snorkeling. dan area bermain anak.,Pantai yang underrated. not too crowded. dan masih affordable bisa banget ditemukan di Lampung. Sunsetnya breathtaking. suasananya sepi sampai berasa punya pantai sendiri. dan kebersihannya juga terjaga banget.
Kyokko Beach,Lampung Selatan,Alam,4.5,1405,100000,31100,gazebo. bean bag. toilet & kamar bilas. area parkir luas. live music/DJ. spot foto. restoran. paddle board. snorkeling. dan area lounge. ,"Kebersihan pantai sangat terjaga. bahkan toiletnya rapi dan bersih seperti dimall. Akses jalan menuju lokasi juga tertata dengan estetis. Fasilitas yang tersedia sebanding dengan harga tiket masuk. Tempat ini sangat direkomendasikan untuk liburan. terutama bagi pengunjung yang gemar berfoto karena hampir setiap sudutnya memiliki tampilan yang menarik.
"
Grand Elty Krakatoa,Lampung Selatan,Buatan,4.4,5311,980000,61400,pantai pribadi. kolam renang. restoran. lounge. snorkeling. banana boat. kayaking. electric bike. mini golf. ruang meeting. WiFi. dan area rekreasi keluarga.,"Lokasi dan pantainya sangat menarik. namun pengunjung tidak dapat berenang sepenuhnya karena masih terdapat sisa terumbu karang yang rusak. Untuk kamar. kondisinya cukup baik dengan fasilitas yang tergolong memadai. meskipun layanan masih perlu ditingkatkan."
Teropong Kota Kalianda,Lampung Selatan,Buatan,5.0,41,5000,987,gardu pandang. spot foto. warung makan. mushola. area parkir. dan pemandangan Kota Kalianda dari ketinggian. ,"Tempat ini nyaman dengan pelayanan yang ramah serta bersedia membantu. Sangat direkomendasikan sebagai basecamp untuk mendaki Gunung Rajabasa."
Bukit Batubara,Lampung Tengah,Alam,4.5,62,5000,0,area parkir. spot foto. jalur trekking. panorama bukit/sabana,Untuk pemandangannya bagus. cocok untuk pendaki pemula. Trek cukup vertikal dan jalur sudah mulai rimbun karena sudah tidak ada pengelola lagi. jadi kendaraan bisa di titipan kerumah warga setempat.
Slanik Waterpark,Lampung Selatan,Buatan,4.4,5706,50000,59700,kolam ombak. kolam arus. Olympic Pool. seluncuran. gazebo. mushola. WiFi. loker. cafe. spot foto. area parkir. dan toko suvenir.,"Tempat rekreasi dan bermain air untuk anak-anak ini cukup nyaman. Pada masa liburan. pengunjung biasanya cukup padat dan lokasinya relatif jauh dari pusat Bandar Lampung. Selain itu. tersedia pula berbagai wahana permainan."
Water World Lampung,Lampung Selatan,Buatan,4.9,3606,50000,50400,kolam ombak. rainbow slide. kolam anak. food court. cafe. mushola. loker. ruang ganti. WiFi. area parkir. dan spot foto.,"Tempatnya sangat indah. nyaman. dan bersih. serta memiliki banyak kolam yang diperuntukkan bagi anak-anak. Tempat ini sangat direkomendasikan bagi yang ingin berlibur bersama keluarga."
Kolam Renang Telaga Putri,Lampung Tengah,Buatan,4.1,457,15000,413,kolam renang anak/orang dewasa. WIFI. Cafe. area parkir. ruang ganti. Tempat makan. spot foto. pemancingan.,Kolam renangnya lumayan bersih sih. tiket juga murah. Lebih di tingkatkan lagi pelayanan dan sarana prasarananya
Bendungan Damraman,Metro,Alam,4.0,758,0,0,area parkir. spot foto. warung. bebek dayung air.,Cukup bagus untuk wisata dan cocok buat memancing ikan air tawar seperti nila dan tawes. Sayang pengelolaannya tidak tertata baik. kedepan. mudah2an dapat dijadikan taman wisata dan edukasi yg baik dan menyenangkan.
Pantai Mahitam,Lampung Selatan,Alam,4.3,126,30000,5454,gazebo/pondokan. toilet. kamar mandi. mushola. tempat makan sederhana. sewa tenda. snorkeling. spot foto. dan menara pandang,"Pantai ini bersih dengan harga yang terjangkau. baik untuk tiket masuk maupun ongkos perahu. Area parkir juga aman. Untuk menikmati pengalaman secara maksimal. disarankan datang sejak pagi hingga sore hari. Jangan lupa membawa bekal makanan dan air minum."
Taman Purbakala Pugungraharjo,Lampung Timur,Budaya,4.5,629,0,6041,situs sejarah (benteng purba. menhir. dolmen. punden berundak). rumah informasi. area edukasi sejarah. papan informasi. jalur wisata. dan area terbuka untuk wisata edukasi serta foto,Tidak ada tiket masuk (Gratis) ke Taman Purbakala ini. Cukup membayar uang parkir saja. Tempatnya asri dan luas. Anda dapat menikmati suasana lapangan hijau sambil melihat lihat beberapa peninggalan purbakala seperti menhir. punden berundak undangan. dan terdapat kolam ikan utk terapi ikan.
Bukit Kucing,Bandar Lampung,Alam,4.7,63,10000,562,jalur trekking ringan. gardu pandang. spot foto. area parkir. dan pemandangan kota Bandar Lampung dari ketinggian (sunset & city light),Destinasi tempat lihat pemandangan dari ketinggian yang dekat dengan kota. sunset dan sunrise juga bisa terlihat dari sini.
Wisata Ratu Banyu,Pringsewu,Buatan,4.5,51,10000,0,area parkir. spot foto. area piknik. toilet. mushola. warung makan sederhana.,"Sebuah tempat nongkrong dengan view alam yang syahdu di area sekitar Pringsewu
Tempatnya sangat amat luas. masih cukup asri dan bersih jadi nyaman untuk santai disore hari bersama teman. pasangan maupun keluarga"
Pantai Pasir Putih,Lampung Selatan,Alam,4.0,2350,20000,311,parkir luas. toilet/kamar mandi. mushola. warung makan. penyewaan alat snorkeling & kano. gazebo. serta area bermain air dan perahu wisat,"Salah satu pantai favorit di Lampung karena lokasinya tidak terlalu jauh dari Bandar Lampung. Pasirnya halus dan ombaknya tidak besar. sehingga anak-anak dapat bermain dengan aman.
"
Pantai Kahai Beach,Lampung Selatan,Alam,4.1,806,10000,536,resort/penginapan tepi pantai. waterboom. kolam renang. arena bermain anak. gazebo. restoran/cafe. area parkir luas. serta spot pantai dengan view Gunung Rajabasa dan Selat Sunda,Salah satu tempat wisata pantai cocok untuk keluarga  di Lampung Selatan provinsi lampung. pemandangannya indah. asri dan ada wahana untuk bermain anak anak. ada  fasilitas Waterboom yang cukup bagus. dan ada tempat menginap jika ingin menghabiskan waktu di lokasi tersebut
Pantai Tanjung Tuha,Lampung Selatan,Alam,4.3,176,5000,0,area parkir. tempat duduk santai. spot memancing. serta pemandangan matahari terbit dan terbenam di tepi laut,Pantai yang indah dengan suasana tenang dan alami. Pemandangannya cantik. cocok untuk bersantai. menikmati angin laut. dan foto-foto. Area pantai cukup bersih dan nyaman untuk liburan bersama keluarga maupun teman. Sangat direkomendasikan untuk melepas penat
Pantai Batu Kapal,Lampung Selatan,Alam,4.1,49,15000,0,gazebo. toilet/kamar bilas. mushola. warung makan. area parkir. spot foto,Pantainya masih alami udaranya masih seger banyak pepohonan pokoknya asyik buat kita yang suka Jarambah
Pantai Batu Payung,Lampung Selatan,Alam,4.2,1366,10000,0,area parkir. toilet/kamar bilas. mushola. warung makan. spot foto. penyewaan perahu/snorkeling. serta beberapa area wisata alam di sekitar pantai,"Pantainya bersih dan semakin indah karena terdapat tempat berteduh di dekat pantai yang dapat dijadikan sebagai spot foto. serta dilengkapi banyak ayunan yang menarik. Tersedia pula berbagai permainan untuk anak-anak. kolam renang. dan musala."
Pantai Bagus Kalianda,Lampung Selatan,Alam,4.0,705,25000,31000,gazebo. mushola. toilet/kamar bilas. area parkir luas. spot foto. suasana pantai bersih dengan pasir putih. serta view Gunung Rajabasa,"Pantai ini sangat indah dan menjadi salah satu destinasi wisata dengan kondisi yang bersih serta banyak spot foto yang dapat diabadikan di tempat ini."
Pantai Ketapang,Pesawaran,Alam,4.5,1546,30000,129,toilet & kamar bilas. mushola. warung makan. gazebo/pondok. area parkir luas. spot foto. camping,Pantai ketapang Bahari. tempat wisata di Lampung yang bagus. Pantainya cocok untuk anak-anak karena berhadapat dengan pulau. sehingga ombak tidak besar.
Pantai Teluk Nipah,Lampung Selatan,Alam,4.4,77,0,306,area pantai. beberapa pedagang lokal. dan spot foto alami dengan tebing serta laut terbuka,Kawasan dan potensi pantai yang sangat luar biasa indah .alami.dan sangat siap secara geograpi di kelola menjadi distinasi pariwisata mancanegara
Pantai Merak Belantung,Lampung Selatan,Alam,4.2,125,35000,3226,gazebo. warung makan. toilet/kamar bilas. area parkir. penginapan/resort di sekitar pantai. banana boat. jetski. spot foto,"Pantai tersembunyi yang masih bersih ini memungkinkan pengunjung menikmati pemandangan teluk di wilayah Kalianda. Kawasan ini juga merupakan area pembibitan udang. sehingga pengunjung dapat melihat banyak bagan di sekitarnya.
"
Desa Wisata Kunjir,Lampung Selatan,Alam,4.4,619,10000,288,pantai pasir putih. snorkeling. perahu wisata (Pulau Mengkudu & Batu Lapis). homestay. warung makan. toilet/kamar bilas. gazebo. spot foto. dan paket wisata lengkap berbasis desa,Pemandangannya pantainya cantik. ada gubuk / saung dipesisir pantainya. bisa melihat dengan jelas hamparan laut dari pinggir jalan.
Pantai Way Muli,Lampung Selatan,Alam,4.8,4,5000,160,arung makan sederhana. area parkir. akses pantai berpasir. pemandangan Gunung Rajabasa dan Selat Sunda,"Pantai Way Muli adalah pantai sederhana yang masih alami dengan suasana tenang. pasir pantai yang bersih. serta pemandangan indah Gunung Rajabasa dan Selat Sunda. cocok untuk bersantai dan menikmati sunset tanpa keramaian."
Pantai Banding Resort,Lampung Selatan,Alam,4.2,509,15000,206,pantai pasir putih. area parkir luas. gazebo. WiFi. spot sunset,Salah satu pantai yang wajib dikunjungi adalah Pantai Banding Resort . Pantai ini terkenal dengan pasir yang halus. air laut yang jernih. serta  suasana  sunset dan sunrise yang indah dan menawan.
Pantai Rajabasa,Lampung Selatan,Alam,4.8,11,10000,0,area parkir. warung makan kecil. spot duduk santai,"Pantai Rajabasa adalah kawasan pantai alami di kaki Gunung Rajabasa dengan suasana tenang. pemandangan laut Selat Sunda yang indah. dan suasana masih sederhana. cocok untuk wisata santai jauh dari keramaian."
Pulau Rimau Balak,Lampung Selatan,Alam,4.8,9,10000,0,area parkir. warung kecil. tempat duduk santai. akses pantai berkarang/pasir. dan pemandangan laut lepas Selat Sunda,"Pantai Rimau Balak menawarkan suasana pantai yang masih alami dan tenang dengan pemandangan laut lepas Selat Sunda. cocok untuk bersantai. menikmati sunset. dan melepas penat jauh dari keramaian."
Pulau Balak,Pesawaran,Alam,4.0,14,10000,105,akses perahu dari daratan. area pantai berpasir/karang. spot snorkeling alami. tempat istirahat seadanya. dan pemandangan laut Selat Sunda,"Pulau Rimau Balak adalah pulau kecil yang masih alami dan sepi dengan air laut jernih serta suasana tenang. cocok untuk snorkeling ringan. bersantai. dan menikmati keindahan laut Selat Sunda jauh dari keramaian.
"
Pulau Kelagian Lunik,Pesawaran,Alam,4.7,1019,10000,1858,pantai pasir putih. air laut jernih. spot snorkeling. gazebo sederhana. area camping. warung kecil di waktu tertentu. dan akses perahu dari dermaga Pulau Pahawang,Sebuah pulau kecil dengan pantai yang indah. Sangat cocok untuk menjadi spot fotografi. Terdapat penjual kelapa muda waktu kesana.
Pulau Pahawang Kecil,Pesawaran,Alam,4.6,90,20000,219,spot snorkeling (terumbu karang & ikan warna-warni). dermaga. area pantai pasir putih. homestay (di sekitar Pulau Pahawang Besar). sewa alat snorkeling. perahu wisata. serta spot foto bawah laut dan pasir timbul,"Salah satu tempat wisata di Lampung yang sedang populer dan tren adalah Pulau Pahawang. Di sini. pengunjung dapat melakukan snorkeling dan melihat ikan nemo. Tempat ini cocok dikunjungi pada akhir pekan. dengan kondisi ombak yang relatif kecil sehingga aman bagi pengunjung.
"
Pantai Batu Menyan,Pesawaran,Alam,4.2,37,10000,0,area parkir. warung makan sederhana. spot duduk santai,Cocok banget buat orang-orang yang gak suka sama pantai terlalu rame. pantainya bagus walaupun pasirnya enggak putih dan banyak batu-batuan
Pantai Sari Ringgung 2,Pesawaran,Alam,4.2,7669,30000,0,pasir putih. air laut jernih. spot foto. gazebo. warung makan. toilet/kamar bilas. area parkir. sewa perahu. akses ke Masjid Apung & pasir timbul,"Pantai ini indah dan bersih. serta terdapat lamun di sekitarnya. Penyewaan kapal mudah dilakukan. dan para penjual bersikap ramah. Harga topi dan kacamata juga terjangkau. Selain itu. tersedia restoran dan pondok untuk menunjang kenyamanan pengunjung."
Pantai Mutun 2,Pesawaran,Alam,4.3,106,25000,0,gazebo. warung makan. toilet/kamar bilas. area parkir. penyewaan perahu/banana boat. spot foto,Pantai nya bersih. luas. banyak wahana bermain untuk anak². di tepi pantai banyak pohon ² yang menambah kesejukan dan tak lupa juga banyak pedagang makanan maupun souvenir.
Pantai Klara 2,Pesawaran,Alam,4.5,946,50000,0,gazebo. warung makan. toilet/kamar bilas. area parkir. spot foto. penyewaan perahu. banana boat,Pantai yang cocok untuk tamasya bersama keluarga. bermalam di pantai pun tidak perlu khawatir. Terlalu banyak karang nya. bebatuan nya dimana mana. Belum tepat untuk reservasi.
Bukit Panjerejo,Pringsewu,Alam,4.1,146,10000,0,gardu pandang. spot foto. area parkir. warung sederhana. jalur jalan bukit/trekking ringan. dan pemandangan hamparan perbukitan serta persawahan Pringsewu,"Bukit Panjerejo merupakan destinasi wisata baru di wilayah Pringsewu. Perjalanan menuju lokasi ini tidak terlalu jauh dari pusat kota Pringsewu. namun akses untuk naik ke bukit cukup menantang dan memerlukan tenaga ekstra."
Taman PKOR Way Halim,Bandar Lampung,Buatan,4.2,63,0,1285,area olahraga (jogging track. lapangan futsal. basket). taman terbuka. arena skate. panggung hiburan. area UMKM/PKL. tempat duduk. parkir luas. dan ruang publik untuk acara/event,"Tempat ini cocok untuk hiburan bersama teman. keluarga. maupun pasangan. Tersedia berbagai wahana permainan serta penyewaan alat. seperti sepeda motor dan mobil mini. sepeda listrik. kegiatan mewarnai. memancing. dan masih banyak lagi.
"
Taman Kalpataru,Bandar Lampung,Buatan,4.2,50,0,0,area taman hijau. jogging track. taman bermain anak. spot foto,"Ruang bermain ini ramah anak dan cocok sebagai tempat bermain bagi anak-anak. serta dapat digunakan secara gratis. Namun. fasilitas seperti toilet kurang terawat. kemungkinan disebabkan oleh keterbatasan ketersediaan air bersih."
Kolam Renang Pahoman,Bandar Lampung,Buatan,4.3,557,10000,1139,Toilet bersih. ruang ganti/bilas. musala. kantin. gazebo. dan tribun penonton.,Lokasi Strategis: Terletak di pusat kota Bandar Lampung. memudahkan akses bagi warga sekitar maupun atlet.
Waterpark Citra Garden,Bandar Lampung,Buatan,4.5,3369,15000,5731,Taman bermain anak (ayunan. perosotan). area panjat tebing alami. jembatan gantung. dan lapangan rumput luas untuk gathering.,sangat menyukai suasana yang asri. udara sejuk. dan air sungai yang bersih. Harga tiket dinilai sangat murah karena sudah termasuk biaya parkir dan pondokan.
Pulau Condong Laut,Lampung Selatan,Alam,4.3,2145,20000,0,Warung Makan: Tersedia warung yang menjual makanan ringan. mie instan. dan kelapa muda.Fasilitas Dasar: Kamar mandi sederhana/ruang bilas dan tempat berteduh atau gazebo.Aktivitas: Area snorkeling (terumbu karang masih cukup alami). diving. sewa kano. dan spot foto di celah-celah karang yang estetik,Pengunjung menyukai kejernihan air lautnya yang biru dan pasir putihnya yang sangat lembut. Sisi utara pulau memiliki ombak yang tenang. sangat cocok untuk anak-anak bermain air
Air Terjun Sinar Tiga,Pesawaran,Alam,4.7,3369,10000,0,Warung: Terdapat warung kecil milik warga (seperti Warung Bu Bar) yang menjual makanan dan minuman hangat di dekat lokasi air terjun.Pondokan: Tersedia gazebo atau pondok sederhana untuk beristirahat.Lainnya: Toilet/ruang bilas dasar. tempat sampah. dan area parkir,Pengunjung sangat memuji udara yang segar. air yang dingin. dan suasana yang masih sangat alami. Lokasi ini dianggap sebagai tempat healing yang bagus karena jauh dari kebisingan kota.
Air Terjun Talang Rabun,Pesawaran,Alam,4.7,73,15000,0,Fasilitas & Kondisi AlamKeunikan: Air terjun ini memiliki air yang sangat jernih dan deras. dikelilingi hutan hijau yang asri. Terdapat beberapa spot menarik lainnya di sekitar area ini seperti Wisata Batu Tegak dan Tebing Lengkung.Aksesibilitas: Pengunjung harus menaiki sekitar 187 anak tangga setelah memarkirkan kendaraan. Jalur menuju ke sini sangat ekstrem dengan bebatuan dan tanjakan curam. sehingga kendaraan harus dalam kondisi prima, menyatakan bahwa lelahnya perjalanan terbayar lunas oleh keindahan dan kejernihan air terjunnya yang luar bias
Air Terjun Tapusan,Tanggamus,Alam,4.5,35,15000,0,"Area parkir
Spot foto alam
Tempat istirahat sederhana
Jalur trekking menuju air terjun
Warung kecil saat hari libur tertentu
","Air terjun masih alami dan asri
Cocok untuk healing dan fotografi
Air jernih dan suasana sejuk
Pemandangan bagus untuk konten Instagr"
Taman Umbul Kapuk,Tulang Bawang Barat,Alam,4.2,417,25000,0,"Gazebo di atas kolam
Area parkir luas
Mushola
Toilet umum
Spot foto Instagramable
Kolam ikan
Bebek air
Taman kelinci
Penangkaran burung
Warung makan/kafe
Wifi gratis
","Tempat sejuk dan asri
Cocok untuk wisata keluarga
Banyak spot foto menarik
Harga tiket murah
Banyak pepohonan rindang
"
Pantai Muara Indah Suak,Lampung Selatan,Alam,4.1,253,20000,0,"Area parkir
Mushola
Toilet dan kamar mandi
Gazebo/tempat santai
Playground anak
Spot foto
Cottage/penginapan sederhana
Penyewaan ban renang
Warung makan dan kuliner
Area pasir putih dan kolam alami batu karang","Pantai bersih dan cocok untuk keluarga
Ombak relatif tenang dan aman untuk anak-anak
Banyak pohon rindang sehingga terasa sejuk
Pasir putih dan pemandangan bagus
Cocok untuk healing dan santai bersama keluarga
"
Pantai Terbaya,Tanggamus,Alam,4.0,321,20000,0,"Area parkir
Pondokan/gazebo sederhana
Kamar mandi & tempat bilas
Warung makan dan jajanan
Tempat duduk santai
Area berenang
Spot sunset dan foto
Penyewaan pondok di pinggir pantai
","Suasana pantai yang masih alami
Pemandangan Teluk Semaka yang indah
Ombak cukup aman untuk bermain di tepi pantai
Tempat cocok untuk healing dan menikmati sunset
Banyak pohon kelapa dan udara sejuk"
Pantai Badak Limau,Tanggamus,Alam,4.2,109,5000,0,"Area parkir
Toilet umum
Tempat ibadah
Warung makanan/minuman
Jalur evakuasi
Spot foto alam
Area santai keluarga
Paket wisata sederhana
","Pantai masih alami dan asri
Air laut cukup jernih
Cocok untuk foto-foto dan healing
Penduduk sekitar ramah
Banyak pohon dan suasana tenang
"
Air Terjun Batu Susun,Lampung Barat,Alam,4.8,22,0,0,"Area parkir motor
Mushola sederhana
Kamar mandi/toilet
Jalur trekking alam
Spot foto alami
Tempat istirahat seadanya","Air sangat jernih dan dingin
Suasana masih alami dan sepi
Cocok untuk healing dan fotografi
Warga sekitar ramah
Pemandangan sawah dan hutan masih asri"
Air Terjun Semantung,Lampung Barat,Alam,4.7,41,10000,0,"Jalur trekking alam
Spot foto alami
Tempat istirahat sederhana
Warung kecil milik warga
Area camping untuk beberapa pengunjung","Air terjun masih sangat alami dan asri
Air jernih serta udara sejuk
Cocok untuk healing dan fotografi alam
Suasana tenang karena belum terlalu ramai wisatawan
Pemandangan hutan dan bebatuan sangat indah"
Bukit Kabut Bawang Bakung,Lampung Barat,Alam,4.7,58,10000,0,"Gazebo/tempat duduk
Spot foto instagramable
Jalur trekking ringan
Warung kecil milik warga
Area camping sederhana","Pemandangan bukit dan batu besar yang unik
Cocok untuk menikmati sunrise dan sunset
Udara sejuk dan suasana tenang
Banyak spot foto alami
Cocok untuk camping dan healing"
Way Besai Rafting,Lampung Barat,Alam,4.6,87,185000,981,"Area parkir luas
Toilet umum
Mushola/tempat ibadah
Restoran dan warung makan
Camping ground
Pemandu rafting profesional
Peralatan rafting lengkap
Dokumentasi foto
Paket makan siang
Tempat informasi wisata","Arus sungai seru tetapi masih aman untuk pemula
Pemandangan sungai. hutan. dan kebun kopi sangat indah
Guide ramah dan profesional
Cocok untuk wisata keluarga maupun rombongan
Durasi rafting cukup panjang dan menantang"
Taman Cerry Glompong,Lampung Tengah,Buatan,4.5,434,20000,0,"Spot foto instagramable
Area taman dan tempat duduk
Kafe dan tempat nongkrong
Area bermain anak
Toilet umum
Area parkir
Lampu hias malam hari
Gazebo/tempat santa","Banyak spot foto menarik dan estetik
Cocok untuk nongkrong bersama keluarga atau teman
Suasana malam cukup bagus dengan lampu hias
Tempat nyaman untuk santai dan foto-foto
Harga tiket relatif murah"
Kolam Renang Tirto Asri,Lampung Tengah,Buatan,4.1,70,2000,0,"Kolam anak dan dewasa
Area bermain air
Gazebo/tempat duduk
Toilet dan kamar bilas
Area parkir
Warung makanan dan minuman
Tempat santai keluarga","Tempat cocok untuk rekreasi keluarga
Harga tiket cukup terjangkau
Kolam cukup nyaman untuk anak-anak
Suasana santai dan tidak terlalu ramai"
Jati Agro,Lampung Selatan,Buatan,4.6,455,15000,5945,"Kolam renang anak
Kebun sayur dan tanaman edukasi
Gazebo/pondokan
Aula pertemuan
Mushola
Area persawahan
Spot foto alam
Area bermain anak
Kantin dan warung makan
Area parkir luas
","Tempat asri dan sejuk
Cocok untuk wisata keluarga dan anak-anak
Konsep edukasi pertanian menarik
Tiket murah dan terjangkau
Banyak spot santai dan foto
Cocok untuk healing dan outing class
"
Taman Tirta Asri,Lampung Tengah,Buatan,4.3,276,15000,0,"Kolam renang anak dan dewasa
Area bermain air
Gazebo/tempat duduk
Spot foto
Mushola
Toilet dan kamar bilas
Area parkir
Warung makan dan jajanan
Area taman keluarga
","Tempat nyaman untuk keluarga
Kolam cukup bersih
Harga tiket terjangkau
Suasana ramai dan cocok untuk anak-anak
Banyak area santai untuk piknik keluarga"
Bukit Punggur,Way Kanan,Alam,4.6,44,15000,0,"Area parkir
Toilet umum
Mushola/tempat ibadah
Tempat camping
Spot sunrise dan sunset
Jalur pendakian
Pusat informasi wisata
Warung makanan/minuman sederhana","Pemandangan alam dan lautan kabut yang indah
Cocok untuk camping dan hiking
Sunrise serta sunset sangat bagus
Udara sejuk dan suasana masih alami
Panorama perbukitan hijau sangat memanjakan mata
"
Pantai Cemara Indah,Lampung Timur,Alam,4.4,403,10000,0,"Saung dan pondokan gratis
Mushola
Toilet dan kamar bilas
Area parkir
Warung makanan dan minuman
Ayunan pantai
Tempat duduk santai
Area camping
Spot sunset dan sunrise","Pantai bersih dan nyaman untuk keluarga
Banyak pohon cemara sehingga terasa sejuk
Sunset dan sunrise bagus
Tiket murah dan pondokan gratis
Cocok untuk santai. berenang. dan camping"
Pantai Kerang Mas,Lampung Timur,Alam,4.1,1502,10000,599,"Gazebo dan saung gratis
Area parkir luas
Mushola
Toilet dan kamar bilas
Warung makan dan kuliner seafood
Penyewaan ban karet
Penyewaan perahu
Banana boat
ATV
Area camping
Spot sunrise dan foto instagramable","Pasir putih dan laut biru yang indah
Ombak relatif tenang dan cocok untuk keluarga
Banyak pohon rindang sehingga terasa sejuk
Gazebo gratis dan area santai nyaman
Sunrise sangat bagus untuk foto dan healing"
Danau Way Jepara,Lampung Timur,Alam,4.4,119,5000,0,"Area parkir
Mushola
Toilet umum
Tempat duduk santai
Spot foto alam
Area memancing
Warung makanan/minuman sederhana
Area piknik keluarga","Suasana danau yang sejuk dan asri
Banyak pohon besar di sekitar danau
Cocok untuk healing. santai. dan memancing
Air danau terlihat jernih dengan pemandangan alami
Tempat nyaman untuk wisata keluarga
"
Taman Maskot,Lampung Timur,Buatan,3.8,116,0,0,"Gazebo/tempat duduk
Area taman santai
Ikon dan patung maskot Lampung Timur
Area istirahat pengguna jalan
Spot foto sederhana
Area parkir kecil
","Lokasi strategis di pintu masuk Lampung Timur
Cocok untuk tempat singgah dan istirahat
Area cukup luas dan rindang
Pernah menjadi ikon kebanggaan daerah"
Taman Ki Hajar Dewantara,Lampung Timur,Buatan,4.2,312,0,0,"Area taman hijau
Tempat duduk dan gazebo
Area berkumpul komunitas
Spot foto
Area bermain/skate sederhana
Area UMKM dan pedagang kecil
Tempat santai pelajar dan mahasiswa
","Tempat cukup luas untuk nongkrong dan berkumpul
Cocok untuk kegiatan komunitas dan pelajar
Lokasi strategis dekat kawasan pendidikan
Suasana rindang untuk santai sore hari"
Way Guruh Sriwangi,Lampung Timur,Buatan,3.9,409,10000,0,"Waterboom / kolam renang
Flying fox
Gazebo dan tempat santai
Camping ground
Terapi ikan
Resto / kantin
Spot foto
Area bermain keluarga
","Waterboom / kolam renang
Flying fox
Gazebo dan tempat santai
Camping ground
Terapi ikan
Resto / kantin
Spot foto
Area bermain keluarga
"
Wisata Alam Kaliaro,Lampung Timur,Buatan,4.0,427,10000,0,"Kolam renang alami anak & dewasa
Gazebo gratis
Toilet dan ruang ganti
Kolam terapi ikan
Area santai keluarga
Warung makanan/minuman
Area parkir
Spot foto alam
","Kolam renang alami anak & dewasa
Gazebo gratis
Toilet dan ruang ganti
Kolam terapi ikan
Area santai keluarga
Warung makanan/minuman
Area parkir
Spot foto alam
"
Pantai Tembakak Krui,Pesisir Barat,Alam,4.5,287,10000,0,"Area parkir
Toilet dan kamar bilas
Warung makanan/minuman
Spot foto pantai
Area surfing
Penginapan sekitar pantai
Tempat santai dan gazebo sederhana
Penyewaan perahu menuju Pulau Pisang
","Area parkir
Toilet dan kamar bilas
Warung makanan/minuman
Spot foto pantai
Area surfing
Penginapan sekitar pantai
Tempat santai dan gazebo sederhana
Penyewaan perahu menuju Pulau Pisang
"
Pulau Pisang,Pesisir Barat,Alam,4.6,512,35000,0,"Area parkir
Toilet dan kamar bilas
Warung makanan/minuman
Spot foto pantai
Area surfing
Penginapan sekitar pantai
Tempat santai dan gazebo sederhana
Penyewaan perahu menuju Pulau Pisang
","Air laut sangat jernih dan biru
Pulau masih alami dan tenang
Cocok untuk snorkeling dan healing
Sunset dan sunrise sangat indah
Warga lokal ramah terhadap wisatawan"
Pantai Mandiri,Pesisir Barat,Alam,4.5,689,10000,0,"Air laut sangat jernih dan biru
Pulau masih alami dan tenang
Cocok untuk snorkeling dan healing
Sunset dan sunrise sangat indah
Warga lokal ramah terhadap wisatawan","Air laut sangat jernih dan biru
Pulau masih alami dan tenang
Cocok untuk snorkeling dan healing
Sunset dan sunrise sangat indah
Warga lokal ramah terhadap wisatawan"
Air Terjun Curup Gangsa,Way Kanan,Alam,4.5,1019,10000,0,"Area parkir luas
Mushola
Toilet umum
Gazebo/tempat istirahat
Warung makan
Tangga dan jalur menuju air terjun
Spot foto alam
Area bermain air di sungai Way Tangkas","Area parkir luas
Mushola
Toilet umum
Gazebo/tempat istirahat
Warung makan
Tangga dan jalur menuju air terjun
Spot foto alam
Area bermain air di sungai Way Tangkas"
Bukit Punggur Way Kanan,Way Kanan,Alam,4.6,44,10000,0,"Area camping ground
Spot sunrise & sunset
Jalur pendakian
Area parkir
Spot foto panorama alam
Area piknik
Penyewaan tenda sederhana di beberapa waktu tertentu
","Panorama kabut dan perbukitan hijau yang indah
Cocok untuk camping dan healing
Sunrise serta sunset sangat bagus
Udara dingin dan suasana masih alami
Cocok untuk pecinta alam dan pendaki "
Air Terjun Beringin,Lampung Utara,Alam,4.3,37,5000,0,"Area parkir kendaraan (biasanya di rumah warga atau titik masuk utama)

Akses jalan setapak menuju titik air terjun

Spot foto alami dengan latar belakang air terjun dan pepohonan asri

Gazebo sederhana untuk beristirahat

Aliran sungai yang jernih dan relatif aman untuk mandi/bermain air","Keasrian Alam: Suasana yang sangat tenang karena belum terlalu ramai wisatawan komersial.

Kejernihan Air: Airnya sangat dingin. bersih. dan segar. langsung dari pegunungan.

Biaya Terjangkau: Sangat ramah di kantong bagi pelancong lokal.

Keindahan Visual: Bentuk air terjun yang melebar dengan debit air yang stabil"
Lembah Bambu Kuning,Lampung Utara,Buatan,4.4,154,15000,0,"Kolam Renang: Tersedia area kolam untuk anak-anak dan dewasa.

Taman Bunga: Hamparan taman yang ditata rapi untuk objek foto.

Gazebo & Pondokan: Tempat bersantai yang teduh untuk keluarga.

Spot Foto Instagramable: Berbagai ornamen buatan dan latar pemandangan bukit.

Kantin/Warung Makan: Menyediakan makanan ringan dan minuman.

Area Parkir & Mushola: Fasilitas standar untuk kenyamanan pengunjung.","Lokasi Strategis: Berada di Kemiling. sehingga mudah dijangkau dari pusat Kota Bandar Lampung.

Udara Sejuk: Karena berada di area perbukitan. suasananya jauh lebih segar dibanding pusat kota.

Ramah Keluarga: Sangat cocok untuk membawa anak-anak bermain air sambil piknik.

Pemandangan: Menawarkan view perbukitan hijau yang memanjakan mata."
Wisata Bendungan Sewu,Tulang Bawang,Alam,4.5,57,10000,0,"Spot Foto Alami: Pemandangan air terjun yang melebar dan bertingkat-tingkat (seperti namanya Sewu atau seribu).

Area Pemandian: Kolam alami di bawah aliran air terjun yang jernih dan segar.

Gazebo Tradisional: Tempat duduk dari bambu untuk bersantai di pinggir aliran air.

Warung Lokal: Tersedia makanan ringan dan minuman dari warga sekitar.

Jalur Trekking: Akses jalan yang sudah mulai ditata meskipun tetap mempertahankan sisi alami hutan.","Keunikan Air Terjun: Berbeda dari air terjun tunggal. di sini air mengalir melalui celah-celah batu yang lebar sehingga terlihat sangat megah.

Air yang Sangat Jernih: Kualitas air pegunungan yang masih sangat terjaga dan belum tercemar.

Suasana Tenang: Terletak jauh dari hiruk-pikuk kota. memberikan efek relaksasi yang maksimal.

Penduduk Ramah: Pengunjung sering memuji keramahan warga lokal yang mengelola tempat parkir dan keamanan."
Monumen Megou Pak,Tulang Bawang Barat,Alam,4.4,1524,5000,0,"Spot Foto Ikonik: Relief raksasa empat tokoh adat yang megah sebagai latar belakang foto.

Area Parkir: Terletak di sisi jalan yang membentuk huruf S (tikungan ikonik).

Taman Terbuka: Area sekitar monumen yang bersih dan tertata untuk bersantai.

Penerangan Lampu: Estetik di malam hari. sering menjadi tempat nongkrong anak muda.

Akses Dekat Wisata Lain: Sangat dekat dengan kompleks Uluan Nughik dan Islamic Center Tubaba.","Arsitektur Megah: Relief wajah yang sangat besar dan detail. memberikan kesan artistik yang kuat.

Gratis & Terbuka: Bisa dikunjungi kapan saja tanpa biaya tiket masuk yang mahal.

Kebersihan: Lingkungan sekitar monumen terjaga dengan sangat baik dan rapi.

Akses Mudah: Terletak tepat di pinggir jalan utama kabupaten. sehingga mudah ditemukan."
Puncak Batu Bara,Lampung Tengah,Alam,4.6,1256,15000,0,"Camping Ground: Area yang cukup luas untuk mendirikan tenda.

Spot Sunrise & Sunset: Salah satu titik terbaik untuk melihat matahari terbit dan terbenam dari ketinggian.

Negeri di Atas Awan: Pemandangan kabut tebal yang menutupi lembah pada pagi hari.

Penyewaan Tenda: Tersedia di basecamp bawah atau melalui pengelola lokal.

Warung Logistik: Di basecamp pendakian tersedia warung yang menjual makanan dan air.","Pemandangan 360 Derajat: Bisa melihat hamparan hijau dan perbukitan dari segala arah.

Udara Sejuk & Segar: Sangat jauh dari polusi. cocok untuk melepas penat (healing).

Bebatuan Ikonik: Terdapat susunan batu-batu besar alami yang menjadi ciri khas sekaligus spot foto utama.

Kegiatan Camping: Suasana malam hari sangat tenang dengan pemandangan city light dari kejauhan jika cuaca cerah."
Taman Kehati,Mesuji,Alam,4.3,1500,10000,0,"Waterpark / Kolam Renang: Area bermain air yang luas untuk anak-anak dan dewasa.

Kebun Binatang Mini (Mini Zoo): Koleksi hewan seperti rusa. burung. dan beberapa jenis reptil.

Taman Bunga: Area hijau yang tertata rapi untuk jalan santai dan berfoto.

Jembatan Gantung & Dermaga: Spot ikonik yang menghadap ke area perairan/embung.

Wahana Bebek Onthel: Persewaan perahu air di area danau buatan.

Gazebo & Food Court: Banyak tersedia penjual makanan dan tempat duduk untuk piknik keluarga.

Area Parkir Luas: Mampu menampung motor. mobil. hingga bus pariwisata.","Wisata Paket Lengkap: Dalam satu lokasi terdapat kolam renang. taman. dan hewan. sehingga sangat cocok untuk anak-anak.

Harga Terjangkau: Biaya tiket masuk dianggap sangat murah dibanding fasilitas yang didapatkan.

Luas Area: Tempatnya sangat luas sehingga tidak terasa terlalu sesak meski sedang ramai pengunjung.

Suasana Teduh: Banyak pepohonan besar yang membuat udara tetap sejuk meski di siang hari."
Bukit Puuncak Pangonan,Pringsewu,Alam,4.5,345,10000,0,"Spot Foto Kreatif: Terdapat berbagai anjungan foto seperti sayap burung. replika kapal. dan papan nama ikonik.

Area Camping: Lahan datar yang tersedia bagi pengunjung yang ingin menginap menggunakan tenda.

Hammock: Tersedia penyewaan atau titik pemasangan ayunan jaring di antara pepohonan.

Warung Makanan: Penjual camilan. mi instan. dan minuman hangat di sekitar area puncak.","City Light Pringsewu: Pemandangan kerlip lampu Kabupaten Pringsewu di malam hari sangat indah.

Akses Dekat Pusat Kota: Lokasinya tidak jauh dari pusat kota Pringsewu. sehingga mudah dijangkau untuk liburan singkat.

Suasana Romantis: Sering dikunjungi pasangan atau rombongan teman saat sore hari menjelang matahari terbenam.

Biaya Sangat Murah: Menjadi opsi hiburan keluarga yang ekonomis."
Pantai Mbeach,Lampung Selatan,Alam,4.4,2500,35000,65000,"Kebersihan Pantai: Pasir putih yang bersih dan area yang tertata rapi tanpa sampah berserakan.

Konsep Modern: Terasa seperti pantai di Bali karena penataan bean bag. payung pantai. dan kafenya.

Fasilitas Lengkap: Sangat nyaman untuk keluarga yang membawa anak kecil atau lansia.

Sunset yang Indah: Salah satu titik terbaik untuk menikmati matahari terbenam di Lampung Selatan.","Harga Makanan: Harga di kafe/restoran dalam area pantai cenderung lebih tinggi dibanding warung biasa.

Tiket Masuk: Beberapa pengunjung merasa tiket masuk agak mahal. namun terbayar dengan fasilitas yang didapat.

Pembayaran Non-Tunai: Pengunjung disarankan menyiapkan saldo e-wallet atau kartu debit karena seringkali tidak melayani pembayaran tunai di pintu masuk."
Pantai Canti,Lampung Selatan,Alam,4.2,525,20000,0,"Dermaga Penyeberangan: Titik utama kapal motor menuju Pulau Sebesi dan Gunung Anak Krakatau.

Gua Alam: Terdapat gua di pinggir pantai yang menjadi daya tarik unik bagi pengunjung.

Spot Foto Jembatan: Dermaga kayu dan beton yang menjorok ke laut sering dijadikan latar foto.","Gerbang Petualangan: Lokasi paling strategis dan ekonomis jika ingin menyeberang ke Pulau Sebesi atau mengamati Anak Krakatau.

Pemandangan Gunung Rajabasa: Latar belakang pantai berupa Gunung Rajabasa yang hijau memberikan pemandangan yang sangat megah.

Gua yang Unik: Keberadaan gua di pinggir pantai memberikan kesan petualangan yang berbeda dibanding pantai lain di Kalianda.

Akses Mudah: Jalan menuju lokasi sudah aspal mulus dan mudah ditemukan melalui Google Maps."
Air Terjun Way Lalaan,Tanggamus,Alam,4.4,1200,15000,0,"Tangga Beton: Akses turun menuju lembah air terjun yang sudah tertata (sekitar 200 anak tangga).

Dua Titik Air Terjun: Way Lalaan 1 (utama) dan Way Lalaan 2 yang lokasinya sedikit lebih ke bawah.

Area Piknik & Gazebo: Banyak tempat duduk teduh untuk bersantai bersama keluarga.

Mushola & Toilet: Tersedia di area atas dekat gerbang masuk dan tempat parkir.

Warung Makan: Berderet penjual makanan lokal seperti bakso. mi ayam. dan kelapa muda.","Lokasi Sangat Strategis: Terletak tepat di pinggir Jalan Lintas Barat (Jalinbar) Sumatera. sehingga sangat mudah ditemukan.

Sejarah & Legenda: Memiliki nilai sejarah yang kuat dan suasana yang mistis namun asri.

Udara Sejuk: Lingkungan sekitar masih berupa hutan lindung yang rimbun dan menyegarkan.

Debit Air Stabil: Air terjun tetap terlihat megah meskipun di musim kemarau."
Gunung Tanggamus,Tanggamus,Alam,4.6,324,20000,0,"Basecamp Pendakian: Terletak di Desa Gisting Atas sebagai titik awal laporan dan persiapan.

Jalur Pendakian: Jalur yang sudah cukup jelas dengan beberapa pos peristirahatan (Pos Sonokeling hingga Puncak).

Hutan Lumut: Salah satu daya tarik utama berupa area hutan yang hampir seluruh bagian pohon dan tanahnya tertutup lumut hijau tebal.

Area Camping: Terdapat beberapa titik datar untuk mendirikan tenda. terutama di area sebelum puncak.

Ojek Gunung: Tersedia jasa ojek dari pemukiman warga menuju pintu rimba untuk memotong waktu perjalanan.","Keunikan Hutan Lumut: Sensasi berjalan di antara pepohonan berlumut yang jarang ditemukan di gunung lain di Lampung.

Pemandangan Teluk Semaka: Dari titik tertentu. pendaki bisa melihat keindahan laut Teluk Semaka dari ketinggian.

Udara Sangat Dingin: Cocok bagi pecinta alam yang mencari suasana pegunungan yang lembap dan sejuk.

Akses ke Basecamp Mudah: Gisting merupakan daerah yang ramai dan mudah diakses dari Bandar Lampung menggunakan bus atau kendaraan pribadi."
Pulau Tanjung Putus,Pesawaran,Alam,4.7,236,0,0,"Resort & Penginapan: Tersedia beberapa penginapan kayu di tepi pantai bagi yang ingin menginap.

Spot Snorkeling: Salah satu yang terbaik di Lampung dengan terumbu karang yang masih terjaga dan ikan hias yang melimpah.

Sewa Peralatan: Penyewaan alat snorkeling. pelampung. dan kaki katak (fins).

Dermaga Kayu: Spot foto favorit sekaligus tempat bersandarnya kapal wisata.

Area Santai: Gazebo dan kursi-kursi di bawah pohon kelapa yang asri.

Restoran Lokal: Penginapan di sini biasanya menyediakan paket makan dengan menu seafood.","Keindahan Bawah Laut: Airnya sangat jernih dan tenang. sehingga terumbu karang terlihat jelas meski dari atas kapal.

Suasana Tenang: Lebih sunyi dan privat dibandingkan Pulau Pahawang. cocok untuk mereka yang mencari ketenangan.

Keunikan Pasir Timbul: Fenomena putusnya pulau saat air pasang menjadi pengalaman menarik bagi wisatawan.

Ikan Melimpah: Pengunjung bisa memberi makan ikan (fish feeding) langsung dari tangan saat snorkeling."
Pantai Sari Ringgung,Pesawaran,Alam,4.3,5000,15000,0,"Pasir Timbul: Fenomena pasir yang muncul di tengah laut saat air surut (akses menggunakan perahu).

Masjid Terapung: Masjid Al-Aminah yang unik karena terapung di atas laut. menjadi daya tarik religi dan wisata.

Wahana Air: Penyewaan kano. ban. dan kapal untuk berkeliling pulau-pulau kecil di sekitarnya.

Gazebo & Pondokan: Tersedia banyak pilihan tempat duduk untuk keluarga di sepanjang bibir pantai.

Area Kuliner: Banyak warung yang menyediakan ikan bakar. kelapa muda. hingga makanan ringan.

Fasilitas Umum Lengkap: Area parkir yang sangat luas. mushola. serta deretan kamar mandi/bilas yang memadai.","Wisata Paket Lengkap: Sangat ideal untuk liburan keluarga besar karena fasilitasnya yang serba ada.

Ombak Tenang: Air laut cenderung tenang karena berada di teluk. sehingga relatif aman bagi anak-anak untuk berenang.

Akses Sangat Mudah: Lokasinya tidak terlalu jauh dari pusat Kota Bandar Lampung (sekitar 30-45 menit perjalanan).

Pemandangan Indah: Perpaduan laut biru dengan latar belakang perbukitan hijau yang memanjakan mata."
Pantai Dewi Mandapa,Pesawaran,Alam,4.1,1200,15000,0,"Pulau Cinta: Sebuah daratan kecil dengan jembatan kayu berbentuk hati yang menjadi ikon utama.

Dermaga Asmara: Jembatan kayu panjang yang membelah hutan bakau menuju laut lepas.

Hutan Mangrove: Jalur jalan setapak di tengah rimbunnya pohon bakau yang sejuk.

Spot Foto Tematik: Berbagai anjungan foto seperti ayunan. balkon kayu. dan ornamen unik lainnya.

Gazebo & Pondokan: Tempat beristirahat yang tersebar di sepanjang jembatan dan pinggir pantai.

Warung Makan: Menyediakan menu sederhana seperti ikan bakar. kelapa muda. dan camilan.","Banyak Spot Foto: Sangat memuaskan bagi pecinta fotografi karena tiap sudutnya dirancang untuk berfoto.

Suasana Romantis: Konsep dermaga dan jembatan kayunya sangat cocok dinikmati bersama pasangan.

Hutan Mangrove yang Asri: Memberikan nuansa hijau yang tenang di sela-sela wisata pantai.

Akses Dekat: Lokasinya searah dengan Pantai Sari Ringgung dan Pantai Mutun. sehingga mudah dijangkau dari Bandar Lampung."
Taman Sahabat Kotabumi,Lampung Utara,Buatan,4.4,842,0,0,"Area Bermain Anak: Tersedia beberapa wahana permainan sederhana seperti ayunan dan perosotan.

Jogging Track: Jalur pedestrian yang nyaman untuk olahraga ringan di pagi atau sore hari.

Bangku Taman: Banyak titik duduk di bawah pohon rindang untuk bersantai.

Pusat Kuliner (Street Food): Di sekitar taman banyak pedagang kaki lima yang menjajakan aneka jajanan khas.

Panggung Terbuka: Sering digunakan untuk acara komunitas atau pertunjukan seni lokal pada momen tertentu.

Tugu Ikonik: Terdapat elemen arsitektur khas Lampung yang sering menjadi latar belakang foto.","Lokasi Strategis: Berada tepat di jantung kota Kotabumi. dekat dengan pusat pemerintahan dan perbelanjaan.

Tempat Nongkrong Murah: Menjadi destinasi hiburan keluarga yang paling terjangkau karena tidak ada tiket masuk.

Suasana Ramai: Terutama pada malam hari. suasana menjadi hidup dengan lampu taman dan keramaian penjual makanan.

Ruang Terbuka Hijau: Memberikan kesejukan di tengah padatnya aktivitas kota."
Tugu Payan Mas,Lampung Utara,Budaya,4.6,1200,0,0,"Spot Foto Ikonik: Arsitektur tugu dengan 9 payung agung yang melambangkan 9 marga (Abung Siwo Mego).

Air Mancur: Terdapat kolam dan air mancur di sekeliling tugu yang menambah kesejukan visual.

Pencahayaan Estetik: Lampu warna-warni yang menyinari tugu saat malam hari. membuatnya terlihat megah.

Dekat Pusat Kuliner: Karena berada di pusat kota. area sekitarnya dipenuhi kedai makanan dan kafe.

Trotoar Luas: Area pejalan kaki di sekitar tugu yang cukup lebar untuk menikmati suasana kota.","Kemegahan Desain: Bentuknya yang unik dengan payung bertingkat memberikan kesan budaya Lampung yang sangat kuat.

Suasana Malam: Menjadi tempat favorit untuk sekadar duduk santai atau berfoto karena pencahayaannya yang sangat cantik.

Lokasi Sentral: Menjadi titik temu (meeting point) yang paling mudah ditemukan karena berada di persimpangan utama kota.

Kebersihan: Area di sekitar tugu biasanya terjaga dengan cukup rapi oleh pemerintah setempat."
Bukit Sakura Kemiling,Bandar Lampung,Buatan,4.3,2542,15000,13000,"Gazebo & Saung: Tersedia banyak pondokan kayu untuk bersantai yang bisa digunakan secara gratis.

Area Kuliner: Terdapat kantin dan outdoor cafe (salah satunya Kopi Dari Hati) yang menyajikan makanan ringan seperti pempek. tekwan. hingga kopi.

Fasilitas Umum: Mushola (lengkap dengan alat salat). toilet bersih. dan area parkir.

Hiburan: Panggung live music dan fasilitas karaoke gratis bagi pengunjung.

Penginapan: Tersedia Villa Bukit Sakura bagi pengunjung yang ingin menginap dengan pemandangan lampu kota di malam hari",Lokasinya dekat dari pusat kota (sekitar 15 menit). udaranya sejuk. dan sangat cantik di malam hari karena pemandangan lampu kota Bandar Lampung. Banyaknya gazebo gratis menjadi nilai tambah bagi keluarga yang ingin piknik.
Lengkung Langit 2,Bandar Lampung,Buatan,4.2,3245,15000,0,"Nuansa Alam: Banyak pepohonan tinggi. jembatan gantung kayu. dan rumah-rumah pohon.

Spot Foto Instagramable: Lorong bambu. perahu di atas bukit. dan replika bangunan tradisional.

Area Piknik: Tempatnya lebih luas dan sejuk karena banyak vegetasi hijau.

Karakteristik: Lebih pas untuk keluarga dan mereka yang ingin healing dari kebisingan kota dengan udara yang lebih segar.",Pemandangan Luar Biasa: Baik di lokasi 1 maupun 2. pemandangan lembah dan perbukitannya dinilai juara. Di malam hari. Lengkung Langit 1 menjadi favorit karena city light kota Bandar Lampung terlihat sangat jelas.
Bendungan Way Rarem,Lampung Utara,Buatan,4.3,212,0,0,"Area parkir kendaraan.Spot foto dengan pemandangan bendungan dan perbukitan.Area duduk/santai di tepi bendungan
Jalan akses untuk menikmati panorama waduk",Bendungan tertua dan pertama di Lampung yang diresmikan langsung oleh Presiden Soeharto pada 14 Juli 1984 dengan luas genangan mencapai 106 hektar berlatar belakang Pegunungan Bukit Barisan yang hijau menjulang. Pemandangan hamparan air yang luas dan tenang terutama saat pagi dan sore hari sangat memesona dan menyejukkan hati.
Pantai Tirtayasa,Bandar Lampung,Alam,3.9,275,10000,0,"Area parkir motor & mobil.Gazebo / saung pinggir pantai.Toilet umum.Mushola.
Warung makan & minuman.Penyewaan ban renang",Pantainya tenang dan cocok buat santai bareng keluarga
Wisata Bendungan Sumur Putri,Bandar Lampung,Buatan,4.5,180,0,28,Area parkir. Pemandian Air Panas. Pemandian Aliran Sungai. Toilet,Tempatnya adem dan masih alami. cocok buat healing di tengah kota
Air Terjun Anglo,Pesawaran,Alam,4.4,517,15000,0,"Area parkir luas untuk motor & mobil.Toilet umum.Ruang bilas & ruang ganti.Musholla.Saung / gazebo untuk istirahat
.Warung makanan & minuman",Air terjunnya bagus dan airnya masih jernih. cocok buat main air bareng keluarga
Pulau Tangkil,Pesawaran,Alam,4.3,167,5000,95,Toilet. Gazebo. Warung Makan. Tempat Parkir Yang Luas,Pemandangan pulau dan lautnya bagus banget buat foto-foto
Pulau Mengkudu,Lampung Selatan,Alam,4.6,245,10000,1073,Toilet umum.Musholla.Gazebo / pondokan santai.Warung makan & minuman.Camping ground.Rumah apung.Penyewaan kano,Pulau kecil tapi suasananya tenang dan adem karena banyak pohon
Kampung Air Margo Tirto,Tanggamus,Buatan,4.3,42,5000,0,sepeda air. kolam renang anak. gazebo atau pondokan santai. toilet umum. area parkir yang luas. kantin atau warung makan dan minuman. ayunan dan permainan anak. penyewaan tikar. serta area bermain air yang cocok untuk wisata keluarga.,tempat ini cocok untuk wisata keluarga dan anak-anak. Pengunjung menyukai suasana yang sejuk. air yang jernih. serta biaya wisata yang murah dan ramah kantong.
Talang Indah Pajaresuk,Pringsewu,Buatan,3.9,15,10000,0,area parkir luas. toilet umum. mushola. gazebo atau tempat duduk santai. warung makan dan minuman. spot foto instagramable. pusat informasi. jalur evakuasi. serta area wisata alam dengan pemandangan perbukitan dan talang air bersejarah.,Talang Indah Pajaresuk umumnya cukup positif karena tempat ini memiliki suasana alam yang sejuk. pemandangan perbukitan hijau. dan spot foto yang menarik untuk wisata santai bersama keluarga atau teman. Banyak pengunjung menyukai suasana alamnya yang masih asri dan cocok untuk refreshing.
Bukit Blitarejo,Pringsewu,Alam,3.9,56,5000,0,area parkir kendaraan. gazebo atau tempat duduk santai. spot foto dengan pemandangan perbukitan. area camping sederhana. warung makanan dan minuman. serta jalur trekking menuju puncak bukit.,Tempat ini juga cukup populer di kalangan anak muda karena memiliki spot foto yang instagramable dan cocok untuk camping atau nongkrong santai menikmati pemandangan malam. Beberapa pengunjung menyebut perjalanan menuju puncak memang cukup menantang. tetapi rasa lelah terbayar setelah sampai di atas bukit.
Air Terjun Lamuran,Tanggamus,Alam,4.7,38,20000,0,parkir. toilet umum. mushola atau tempat ibadah. pusat informasi. jalur evakuasi. warung makanan dan minuman. serta area bermain air dan pemandian alam.,Pengunjung juga mengatakan lokasi ini cocok untuk mandi. bermain air. dan berfoto karena terdapat bebatuan besar serta spot alami yang instagramable. Akses menuju air terjun dinilai cukup mudah karena dari area parkir hanya perlu berjalan kaki beberapa menit saja.
Taman Nasional Bukit Barisan Selatan,Lampung Barat,Alam,4.6,20,15000,0,area parkir kendaraan. pos penjagaan dan pusat informasi. jalur trekking dan hiking. area camping. toilet umum. mushola. gazebo atau tempat istirahat. penginapan sederhana di beberapa titik wisata. serta warung makan di area tertentu.,South Bukit Barisan National Park umumnya sangat positif karena taman nasional ini memiliki keanekaragaman alam yang luar biasa. hutan tropis yang masih alami. serta pemandangan pegunungan dan satwa liar yang menarik. Banyak wisatawan menyukai suasana yang sejuk dan tenang. cocok untuk pecinta alam. trekking. camping. dan fotografi alam liar.
Puncak Rest Area,Lampung Barat,Alam,4.6,1716,5000,458,Warung Makan. Toilet. Masjid. Area Parkir,Review pengunjung tentang Rest Area Puncak umumnya sangat positif karena tempat ini memiliki udara yang sejuk. pemandangan pegunungan yang indah. serta suasana yang nyaman untuk beristirahat saat perjalanan menuju Liwa atau Krui. Banyak pengunjung menyebut tempat ini mirip suasana Puncak Bogor. tetapi dengan hamparan perkebunan kopi khas Lampung Barat.
Pasar Tematik Lumbok Seminung,Lampung Barat,Buatan,4.6,229,5000,0,area parkir luas. pusat kuliner khas Lampung Barat. toko souvenir dan UMKM lokal. playground anak. conventional hall untuk acara atau pertemuan. gazebo dan area santai. dermaga wisata. glamping. penginapan atau resort di sekitar kawasan. toilet umum. serta spot foto dengan pemandangan Danau Ranau dan Gunung Seminung.,PASAR TEMATIK LUMBOK SEMINUNG umumnya sangat positif karena memiliki pemandangan Danau Ranau dan Gunung Seminung yang indah serta suasana yang sejuk dan nyaman untuk wisata keluarga. Banyak pengunjung menyukai desain kawasan yang modern dipadukan dengan nuansa alam dan budaya lokal Lampung Barat.
Curup Kereta,Way Kanan,Alam,4.3,473,5000,62,Curup Kereta memiliki fasilitas seperti area parkir luas. toilet umum. mushola. gazebo atau tempat duduk santai. warung makanan dan minuman. taman bermain anak. area pemandian alam. serta spot foto di sekitar air terjun.,pengunjung tentang Curup Kereta umumnya sangat positif karena air terjun ini memiliki bentuk unik bertingkat seperti rel kereta. sehingga terlihat berbeda dari curup lainnya di Way Kanan.
Wisata Puncak Vietnam,Bandar Lampung,Buatan,4.5,260,15000,0,Area parkir. Toilet. Mushola. Warung makan. Kafe. Spot foto Lorong Cinta. Spot foto Jembatan Kaca. Spot foto Kereta Kencana. Deck pemandangan perbukitan. Wahana sepeda gantung. Wahana paralayang gantung. Wahana ayunan. Mini ATV. Villa Jukung Vietnam (penginapan). Jukung Vietnam Resto. Live music,Tempat wisata dengan pemandangan perbukitan dan pegunungan yang asri dan sejuk. cocok untuk bersantai sore hingga malam hari bersama keluarga. teman. maupun pasangan. Banyak spot foto instagramable dengan latar alam yang indah. termasuk Lorong Cinta. Jembatan Kaca. dan Kereta Kencana. Saat cuaca mendung. suasananya terasa sejuk seperti di Puncak Bogor.
Kampoeng Vietnam,Bandar Lampung,Buatan,4.5,1667,10000,11500,Area parkir. Toilet. Mushola. Warung makan. Kafe. Restoran.Live musik.. Spot foto Jembatan Kaca. Wahana sepeda gantung. Wahana paralayang gantung. Wahana ayunan. penginapan.,Tempat wisata alam dengan pemandangan perbukitan dan pegunungan yang asri dan sejuk. cocok untuk bersantai sore hingga malam hari bersama keluarga. teman. maupun pasangan. Banyak spot foto instagramable dengan latar alam yang indah.
Pemandian Air Panas Way Belerang,Lampung Selatan,Alam,4.3,1113,10000,0,2 kolam air panas belerang. Kolam renang air tawar. Kamar bilas. Toilet. Mushola. Gazebo. Taman bermain anak. Ayunan. Perosotan. Bangku putar. Flying fox. Arena bermain terbuka. Balai pertemuan. Aula. Kantin. Warung makan. Peternakan kuda. Delman. Taman santai. Penjual sabun belerang,Pemandian air panas alami yang bersumber langsung dari kaki Gunung Rajabasa dengan kandungan belerang yang dipercaya bermanfaat untuk kesehatan kulit seperti mengobati gatal-gatal. panu. kadas. kurap. kutu air. serta penyakit lainnya seperti rematik. asam urat. kolesterol. dan stroke. Terdapat dua kolam air panas berukuran besar mirip kolam renang. kolam bagian atas lebih pekat dan beraroma belerang lebih kuat dengan kedalaman 100 cm. sedangkan kolam bagian bawah lebih jernih dan luas dengan kedalaman 150 cm.
Pantai Belebuk,Lampung Selatan,Alam,4.3,133,5000,127,Gazebo. Saung-saung di sepanjang pantai. Warung makan dan minuman. Jasa sewa perahu ke Pulau Sekepol. Pemandangan Pulau Sekepol dari bibir pantai. Area parkir. Pepohonan rindang di sekitar pantai,Pantai yang masih sangat alami dan belum terlalu ramai pengunjung sehingga suasananya tenang dan nyaman. Menawarkan pemandangan laut yang indah dengan view Pulau Sekepol yang terlihat jelas dari bibir pantai karena jaraknya hanya sekitar 700 meter. Cocok untuk wisatawan yang ingin menikmati keindahan alam pantai yang masih asri jauh dari keramaian. 
Pantai Wartawan,Lampung Selatan,Alam,4.1,290,5000,4,Sumber air panas alami di tepi pantai. Bukit Botak (ketinggian 50 meter). Goa. Makam pendekar Tubagus Sulaiman. Spot pemandangan Gunung Anak Krakatau. Area parkir. Warung makan dan minuman. Angkutan umum tersedia,Pantai unik dan langka yang memiliki sumber air panas alami yang muncul langsung dari sela-sela bebatuan di bibir pantai dengan suhu mencapai 80 derajat Celcius. bersumber dari aktivitas belerang Gunung Anak Krakatau. Pengunjung bisa menikmati sensasi unik memasak telur. membuat kopi. atau merebus makanan langsung menggunakan air panas alami di tepi pantai saat air laut sedang surut. 
Pantai Tapak Kera,Lampung Selatan,Alam,4.3,307,20000,0,Tempat parkir. tempat duduk. Ayunan. Mushola kecil. Warung makan dan minuman.Spot foto. Area hiking di bebatuan karang,Pantai alami yang masih sangat perawan dan belum banyak tersentuh dengan hamparan batu karang besar yang menjulang tinggi dan terukir indah menjadi daya tarik utama yang berbeda dari pantai lainnya di Lampung. Air lautnya jernih dan berwarna biru kehijauan dengan pepohonan rindang di sekitar pantai yang menambah suasana sejuk dan tenang
Air Terjun Gunung Betung,Pesawaran,Alam,4.6,74,10000,0,Area parkir. Pos penjagaan. Jalur trekking melewati kebun kopi. 17 air terjun alami. Air Terjun Pemandian Bidadari. Camp ground (2 titik camp). Warung makan di beberapa titik jalur,Wisata alam yang asri dan sejuk cocok untuk trekking. camping. maupun sekadar menikmati air terjun. Jalur trekking melewati kebun kopi sekitar 800 meter dengan pemandangan indah di kanan kiri. 
Pulau Tegal Mas,Pesawaran,Alam,4.5,853,40000,1915,Snorkeling. Diving. Banana boat. Jet ski. Kayak. Kano. Masjid terapung (kapasitas 100+ jemaah). Penangkaran bayi hiu. Cottage/villa terapung. Gazebo/pondokan.,Pulau eksotis yang dijuluki Maldives-nya Indonesia dengan air laut berwarna biru kehijauan yang sangat jernih dan pasir pantai putih yang landai. Ekosistem bawah laut masih terjaga dengan baik. pengunjung bisa menikmati terumbu karang. anemon. ikan nemo. bahkan jika beruntung bisa bertemu penyu hijau dan hiu sirip hitam. 
Pulau Wayang,Pesawaran,Alam,4.8,116,0,2224,"Area parkir luas. Toilet umum. Warung makan. Tempat menunggu perahu. 
Speedboat. Alat snorkeling (masker & snorkel). Pelampung/life jacket. Makan 1x. Air mineral. Tour guide lokal. Dokumentasi",Pulau alami yang sering disebut Mini Raja Ampat karena formasi batuan karst yang menjulang dramatis dari permukaan laut dengan siluet unik menyerupai tokoh wayang kulit. Air lautnya sangat jernih berwarna biru kehijauan dengan kehidupan bawah laut yang masih terjaga baik. cocok untuk snorkeling dan diving.
Taman Wisata Muara Indah,Tanggamus,Alam,4.2,516,5000,124,Pantai Muara Indah. Taman Ruang Terbuka Hijau (RTH). Gazebo/saung di bibir pantai. Tempat duduk santai. Pusat kuliner/gedung kuliner. Toilet. Tempat bilas. Area parkir luas. Sewa perahu sampan fiber. Sewa ban. Arena bermain anak. Spot foto tulisan Taman Wisata Muara Indah, Destinasi wisata keluarga yang menawarkan dua keuntungan sekaligus yaitu menikmati taman hijau yang tertata apik dan pantai yang indah dalam satu kawasan.Destinasi wisata keluarga yang menawarkan dua keuntungan sekaligus yaitu menikmati taman hijau yang tertata apik dan pantai yang indah dalam satu kawasan. 
Bukit Idaman Gisting,Tanggamus,Alam,4.5,1335,10000,5040,Spot foto berlatar Gunung Tanggamus. Spot foto 8 titik selfie. Mushola. Toilet. Kantin/warung makan. Area parkir luas. Saung/gazebo tempat bersantai. Kids area/arena bermain anak. Live music. Area camping/family camp. Spot sunset view Gunung Tanggamus. Spot pemandangan kota Tanggamus,Destinasi wisata bukit yang menawarkan pemandangan Gunung Tanggamus yang megah dan memukau dari ketinggian sekitar 1.100 mdpl dengan udara yang sejuk dan segar. 
Air Terjun Curup Tujuh,Lampung Tengah,Alam,4.3,70,5000,0,Area parkir. Mushola. Toilet/kamar mandi bilas. 7 tingkatan air terjun (total ketinggian 75 meter). Kolam alami di antara bebatuan. Area camping/lahan perkemahan. Sewa motor trail menuju lokasi. ,Wisata air terjun bertingkat tujuh dengan total ketinggian 75 meter yang masih sangat alami di dalam kawasan Hutan Lindung. Setiap tingkatan memiliki karakter aliran air berbeda dengan kolam alami di bawahnya yang bisa untuk berendam. 
Waterboom Tirta Kencana,Lampung Timur,Buatan,4.1,651,20000,0,Kolam renang anak. Kolam renang dewasa. Wahana perosotan berkelok. Wahana ember tumpah. Gazebo. Mini hall. Sewa ban. Kamar mandi bilas. Loker. Area parkir. Kantin. Taman outdoor. Room karaoke keluarga. Hotel/penginapan,Waterboom terpopuler di Lampung Timur dengan wahana air yang cukup lengkap dan modern. Kolam renang dibagi dua yaitu khusus anak-anak dan dewasa sehingga aman dan nyaman untuk wisata keluarga. Fasilitas dan kebersihan selalu dijaga dengan baik oleh pengelola. 
Pesona Bukit Kendeng,Pesawaran,Alam,4.7,89,5000,3380,Area camping ground. Spot sunrise view 180 derajat. Spot sunset view 180 derajat. Pemandangan Teluk Ratai dan Teluk Lampung. Pemandangan Gunung Pesawaran dan Gunung Tanggamus. Warung makan di pintu masuk. Area parkir. Jasa ojek menuju puncak. Jalur setapak trekking 1 km. Spot foto pegunungan dan perbukitan,Destinasi wisata alam di ketinggian sekitar 1.000 mdpl dalam kawasan Hutan Register 21 Pesawaran dengan pemandangan 180 derajat yang memukau. Dari puncak bisa melihat Teluk Ratai. Teluk Lampung. Gunung Pesawaran. Gunung Tanggamus. bahkan saat cuaca cerah bisa terlihat Pulau Sebesi dan Pulau Sebuku.
Curup Pinang Indah,Way Kanan,Alam,4.5,48,0,0,Air terjun setinggi 15 meter. Kolam alami di bawah air terjun. Bebatuan besar eksotis. Spot foto ,Air terjun tersembunyi setinggi 15 meter di Kampung Gunung Sari Way Kanan yang masih sangat alami dan belum banyak dikenal wisatawan. Airnya berasal dari aliran sungai yang deras melewati undakan-undakan berbatu membentuk air terjun yang cantik dan eksotis.
Goa Maria Padang Bulan,Pringsewu,Budaya,4.7,466,0,0,area doa dan tempat ziarah yang tenang. Goa Maria dengan patung Bunda Maria. Jalan Salib 14 perhentian. taman dan pepohonan rindang. area duduk atau tempat istirahat peziarah. sungai kecil di sekitar lokasi. area parkir kendaraan. Rumah Retret La Verna untuk penginapan dan pendampingan rohani. museum sejarah. toilet. serta akses jalan menuju area doa yang nyaman.,suasananya tenang. sejuk. dan cocok untuk berdoa maupun refleksi diri. area tempat ziarah dinilai bersih dan tertata rapi. banyak pengunjung menyukai pemandangan alam serta pepohonan rindang di sekitar lokasi
Taman Metro Indonesia Indah,Metro,Buatan,4.3,1161,0,0,meliputi waterboom. waterpark. flying fox. wall climbing. area outbond. mandi bola. trampolin. futsal mini. kolam arus. kolam selam. air terjun buatan. taman pulau buatan. taman cinta sejati. playground anak. taman edukasi. taman baca. perahu kano. bebek goes. area kuliner Pondok Kayu 29. gazebo. area parkir. toilet. serta berbagai spot rekreasi keluarga dan foto menarik.,Taman Metro Indonesia Indah umumnya positif karena memiliki area wisata yang luas. banyak wahana permainan dan aktivitas keluarga. suasana taman cukup nyaman untuk bersantai. serta banyak spot foto menarik. Pengunjung juga menyukai fasilitas waterpark dan area outbound yang cocok untuk anak-anak maupun keluarga.
Mata Air Sumberagung1,Tanggamus,Alam,4.4,440,5000,127,kolam pemandian alami dari mata air pegunungan. area berenang anak dan dewasa. gazebo atau tempat bersantai. area parkir kendaraan. kamar bilas dan toilet. warung makan.,airnya sangat jernih dan dingin alami dari pegunungan. suasana tempat wisata terasa sejuk dan asri. cocok untuk berenang maupun bersantai bersama keluarga. serta harga tiket masuk dinilai murah.
Pantai Setigi Heni,Lampung Selatan,Alam,4.7,1906,100000,16000, area pantai untuk bersantai. kafe dan restoran tepi pantai. gazebo. tempat duduk pengunjung. spot foto instagramable. area sunset view. area parkir kendaraan. toilet dan kamar bilas. mushola. ,Review Pantai Setigi Heni umumnya positif karena memiliki pemandangan laut yang indah dan suasana sunset yang menarik. area pantai dinilai bersih dan nyaman untuk bersantai. serta konsep kafe tepi pantai membuat pengunjung betah menikmati suasana.
Bukit Neba,Tanggamus,Alam,4.3,54,10000,601,area camping. spot foto alam. gardu pandang. area menikmati sunrise dan sunset. gazebo atau tempat istirahat. area parkir kendaraan. toilet. warung makan sederhana. jalur trekking. area bersantai. serta pemandangan perbukitan dan hamparan alam yang sejuk.,Review Bukit Neba umumnya positif karena memiliki pemandangan alam yang indah dan udara yang sejuk. cocok untuk camping. menikmati sunrise. maupun bersantai bersama teman dan keluarga.
Bendungan Batutegi,Tanggamus,Alam,4.4,317,3000,59,area parkir kendaraan. gardu pandang. area bersantai. spot foto dengan pemandangan bendungan dan perbukitan. warung makan sederhana. toilet. jalan akses wisata. area memancing. ,memiliki pemandangan waduk yang luas dan indah. suasana sejuk dengan perbukitan hijau di sekelilingnya. serta cocok untuk bersantai dan menikmati alam. Banyak pengunjung menyukai spot foto dan suasana tenang di area bendungan.
Pantai Guci Batu Kapal,Lampung Selatan,Alam,4.3,452,15000,238,pantai untuk bermain dan bersantai. gazebo. spot foto batu karang unik berbentuk kapal. area camping. toilet dan kamar bilas. mushola. warung makan dan minuman. area parkir kendaraan. ,pemandangan laut yang indah dengan batu karang unik berbentuk kapal yang menjadi daya tarik utama. suasana pantai cukup tenang dan cocok untuk bersantai maupun camping. serta banyak spot foto menarik untuk pengunjung. 
Pantai Bensam (Benteng Samudera),Pesawaran,Alam,4.8,1248,25000,107,gazebo. parkir. mushola. toilet. warung makan. cottage. camping area. spot foto. banana boat. dan area bermain anak.,pantainya bersih. ombak cukup tenang. cocok untuk liburan keluarga. banyak spot foto menarik. serta fasilitasnya cukup lengkap.
Pantai Batu Putih Bahari,Lampung Selatan,Alam,4.4,71,10000,0,gazebo. parkir. toilet. mushola. warung makan. spot foto. area bermain pantai. camping area. dan tempat duduk pengunjung.,pasir dan batu cadas putih yang unik. suasana pantai cukup bersih dan nyaman untuk liburan keluarga. banyak spot foto menarik. serta pemandangan laut yang indah.
Pantai Tiska,Bandar Lampung,Alam,4,1403,10000,6412,parkir. toilet. mushola. warung makan. spot foto. area bermain pantai. camping area. penginapan. dan penyewaan ban atau pelampung. gazebo,pantainya bersih. suasana nyaman untuk liburan keluarga. banyak spot foto menarik. serta cocok untuk menikmati sunset dan bersantai. 
Pantai Pulau Permata,Bandar Lampung,Alam,4.1,248,10000,0,gazebo. parkir. toilet. mushola. warung makan. spot foto. penginapan. camping area. penyewaan perahu. dan area bermain pantai.,memiliki air laut yang jernih. suasana pantai yang tenang. cocok untuk camping dan liburan keluarga. serta banyak spot foto menarik.
Pantai Karang Bolong,Tanggamus,Alam,4.4,205,10000,0,parkir. toilet. mushola. warung makan. spot foto. camping area. area bermain pantai.gazebo,pemandangan batu karang unik dan laut yang indah. suasana pantai cukup tenang untuk bersantai. serta banyak spot foto
Pantai Batu Tihang,Pesisir Barat,Alam,4.6,608,5000,0,gazebo. parkir. toilet. warung makan. spot foto. area bermain pantai. camping area,memiliki batu karang tinggi yang unik sebagai ikon pantai. pemandangan laut yang indah. suasana masih alami. serta cocok untuk bersantai dan berfoto. Pengunjung juga menyukai ombak dan panorama sunsetnya. meskipun fasilitas wisata masih cukup sederhana.
Air Terjun Sri Ratu Klawas Ulu,Lampung Utara,Alam,4.2,195,5000,0,area parkir. toilet. tempat duduk. area camping. spot foto. warung sederhana. dan area trekking menuju air terjun. gazebo,air terjun yang indah dan suasana alam yang masih asri. udara sejuk. serta cocok untuk refreshing dan camping.
Gunung Betung,Pesawaran,Alam,4.4,130,15000,3950,meliputi area parkir. pos pendakian. camping ground. toilet. warung sederhana. spot foto. jalur trekking. dan area istirahat pendaki.,jalur pendakian yang menarik. udara sejuk. dan pemandangan alam yang indah dari puncak. Pengunjung juga menyukai suasana hutan yang masih asri dan cocok untuk camping maupun hiking. meskipun jalur pendakian cukup menantang bagi pemula dan fasilitas di beberapa area masih sederhana.
Air Terjun Curup Sukaemi,Lampung Utara,Alam,4.4,85,5000,0,parkir. toilet. gazebo. warung sederhana. spot foto. area trekking. dan tempat istirahat pengunjung.,air terjunnya indah. suasana masih asri dan sejuk. cocok untuk refreshing serta camping
Air Terjun Way Detum,Pesisir Barat,Alam,4.7,16,5000,0,parkir. toilet. gazebo. warung sederhana. spot foto. area trekking. dan tempat istirahat pengunjung.,suasana alam yang masih asri. air terjun yang jernih dan sejuk. cocok untuk refreshing dan menikmati alam. meskipun akses menuju lokasi cukup menantang dan fasilitas wisata masih sederhana.
Air Terjun Pagasan,Pringsewu,Alam,4.4,56,5000,0,parkir. toilet. gazebo. warung sederhana. spot foto. area trekking. dan tempat istirahat pengunjung.,pemandangan alam yang indah. air terjun yang jernih dan sejuk. suasana masih alami. serta cocok untuk refreshing dan camping. meskipun akses jalan menuju lokasi cukup menantang dan fasilitas wisata masih sederhana.
D'Mermaid Tirtayasa Waterpark,Bandar Lampung,Buatan,4.1,985,25000,0,kolam renang anak dan dewasa. waterboom. perosotan. gazebo. mushola. toilet. kantin. loker. aula gathering. parkir. dan spot bermain air.,cocok untuk liburan keluarga. wahana air cukup lengkap. dan suasananya nyaman untuk anak-anak. meskipun saat ramai beberapa area terasa padat.
Muncak Pas,Pesawaran,Alam,4.4,459,15000,270,Spot foto (teropong laut). gazebo/pondokan. kantin kuliner. area duduk outdoor. mushola. toilet.,Gak nyesel jauh-jauh ke sini! View lautnya juara banget. apalagi pas sunset. Spot fotonya banyak. yang paling favorit tetep rumah pohonnya. Udaranya sejuk. cocok buat yang pengen healing tipis-tipis dari hiruk pikuk kota. Tiket masuk juga ramah di kantong
Pintu Langit 2,Bandar Lampung,Alam,4.4,218,5000,2370,Spot foto (jembatan kaca). mushola kaca. restoran (Emerald Bistro). area duduk outdoor,Keren banget mushola kacanya! Pas mau sholat agak gemetaran karena lantainya transparan. tapi view lautnya bener-bener bayar semua rasa takut. Tiket cuma 5rb. sangat worth it!
Lembah Suhita,Bandar Lampung,Alam,4.8,166,0,3464,Spot foto. area edukasi lebah. toko madu. area ecoprint. gazebo,Hidden gem banget! Suasananya tenang. adem. dan asri karena banyak pohon durian dan bunga-bunga. Cocok buat yang mau kabur sejenak dari polusi kota. Fasilitasnya oke. ada kolam renang anak juga. Paling pas ke sini pas musim durian. bisa langsung makan di tempat
Pantai Karang Putih,Tanggamus,Alam,4.1,23,15000,73,Spot foto (ikon karang putih). area memancing. camping ground. warung makan. mushola. toilet.,Bener-bener definisi surga tersembunyi! Karang putihnya ikonik banget. sekilas mirip Tanah Lot di Bali. Airnya bening kristal. pasirnya putih bersih. Cocok buat yang mau healing total karena suasananya tenang banget dan belum banyak orang tau.
Danau Kemuning,Lampung Timur,Alam,4.2,476,5000,53,kolam pemancingan. wahana bebek air. sewa ban. gazebo. kantin kuliner. area karaoke,Tempatnya adem banget! Airnya jernih dan seger karena langsung dari mata air. bukan kolam renang kaporit. Paling seru bawa keluarga ke sini. anak-anak bisa main air sepuasnya. Tiketnya juga murah meriah banget. cuma 5 ribu rupiah.
Gunung Batu,Lampung Selatan,Alam,4.4,349,10000,146,Spot foto (batuan granit). jalur hiking ringan. area bersantai di puncak,Pemandangan dari atas batu gokil banget. bisa liat matahari terbit sama terbenam dengan jelas. Penduduk sekitarnya ramah. banyak yang jualan cemilan juga. Sangat direkomendasikan buat yang suka fotografi alam.
Pantai Tanjung Tua Induk,Lampung Selatan,Alam,4.3,57,5000,0,Spot foto (tebing & laut). menara pandang. area memancing. camping ground. warung makan,View-nya gila sih! Berasa di ujung dunia karena kita bisa liat hamparan laut biru luas dari atas tebing. Buat yang hobi foto atau camping. ini tempat paling mantap di sekitar Bakauheni. Airnya jernih banget. biru kehijauan. bener-bener mutiara tersembunyi
Taman Hutan Raya Wan Abdul Rachman,Pesawaran,Alam,4.4,142,15000,865,penangkaran rusa. jalur trekking. air terjun. area camping. rumah pohon,Hidden gem banget buat yang mau ngadem! Penangkaran rusanya seru. anak-anak seneng bisa kasih makan langsung. Udaranya sejuk parah karena emang di kaki Gunung Betung. Kalau mau yang lebih menantang. bisa lanjut trekking ke air terjunnya. airnya jernih dan dingin banget!
Pantai Arang,Lampung Selatan,Alam,4.4,423,50000,36800,Spot foto. area grilling (BBQ). gazebo/pondokan. kafe & resto. area camping. layanan shuttle. mushola. toilet.,Tempatnya cakep buat foto-foto. setiap sudut estetik banget. Fasilitas kayak gazebo. toilet. dan mushola juga rapi dan bersih. Minusnya cuma di akses jalan yang agak membingungkan kalau pertama kali ke sini. satu pintu masuk sama Pantai Marina tapi harus teliti liat plangnya.
Pantai Sanggar,Lampung Selatan,Alam,4.1,240,35000,53200,Spot foto. kafe & resto. area playground. gazebo/saung. area camping. wahana berkuda. ATV. mushola. toilet.,Lokasinya strategis banget karena deket pusat kota Kalianda. Tiket masuknya standar. sekitar 15-20rb udah free gazebo sama parkir. Fasilitasnya lengkap. ada mushola. toilet bersih. sampe tempat main anak. Minusnya cuma kalau hari libur rame banget. harus sabar antre di kamar bilas.
Titian Mutiara Beach,Lampung Selatan,Alam,4.6,106,15000,764,Spot foto. kolam renang anak. gazebo/saung. area memancing. area camping. kantin. kamar bilas. mushola. toilet,Pasir putihnya kombinasi sama batu. airnya jernih kristal. Ada kolam khusus buat anak-anak berenang yang dibatasi batu karang. jadi aman dari ombak laut lepas. Tiket masuk murah meriah cuma 5-10 ribuan. bener-bener hidden gem di Kalianda
Pantai Pelangi Indah,Lampung Selatan,Alam,4.4,36,10000,253,Spot foto. ayunan pantai. berkuda. gazebo. area bermain anak. mushola. toilet.,Bibir pantainya landai. jadi aman buat anak-anak main air di pinggir. Uniknya ada penyewaan kuda juga kalau mau coba sensasi keliling pantai beda dari biasanya. Aksesnya gampang karena dekat dari pusat kota Kalianda. cuma sekitar 10 menitan
Pantai Aruna,Lampung Selatan,Alam,4.3,324,20000,24700,Spot foto. wahana air (banana boat/jetski). gazebo payung. area camping. kano/sampan. mushola. toilet.,Pantai yang bener-bener worth it! Tiket 20 ribu udah dapet fasilitas gazebo. toilet. dan kamar bilas gratis. Pantainya bersih banget. pasirnya putih lembut. dan ombaknya relatif aman buat anak-anak main air. Banyak pohon kelapa jadi suasananya teduh dan adem.
Pantai Onaria Puridewata,Lampung Selatan,Alam,4.1,221,0,0,Spot foto. area memancing. area berenang. gazebo/pondokan. warung makan. mushola. toilet.,View-nya bagus dan lokasinya nggak jauh dari Jalan Lintas Timur Lampung. Selain main air. di sini juga asyik buat yang hobi mancing. Suasananya masih alami banget. Fasilitas kayak toilet sama warung-warung kecil udah ada. lumayan lengkap buat ukuran pantai desa
Pantai Aurora,Lampung Selatan,Alam,4.5,58,10000,1143,Spot foto. kafe & resto. kolam renang. kolam pemancingan. cottage/penginapan. mushola. toilet.,Tempatnya asik banget buat liburan keluarga. Anak-anak betah karena ada kolam renang yang luas plus wahana airnya. Cafe-nya juga oke. makanannya enak dan harganya masih masuk akal. Paling juara sih pas sore. sunset-nya indah banget dengan latar Gunung Rajabasa
Jungle Sea,Lampung Selatan,Buatan,4.7,506,70000,35000,Spot foto tematik. wahana permainan (20+ atraksi). beach pool (kolam renang). mini zoo. taman labirin. food court. mushola. toilet.,Paket lengkap banget buat liburan bareng anak-anak! Satu tiket udah bisa main wahana sepuasnya plus dapet akses pantai dan kolam renang. Spot fotonya estetik parah. favorit saya yang area ala Jepang sama Santorini. Anak-anak paling betah di Dino Beach liat robot dinosaurus yang bisa gerak-gerak.
Makam Radin Inten II,Lampung Selatan,Budaya,4.6,386,0,0,tugu & relief sejarah. makam pahlawan. area ziarah. pendopo.,Tempatnya sangat terawat. bersih. dan asri karena banyak pohon rindang. Suasananya tenang banget. cocok buat ziarah sekaligus napak tilas sejarah perjuangan beliau. Parkirannya luas dan aksesnya gampang dicari karena tepat di pinggir jalan desa
Makam Pahlawan,Bandar Lampung,Budaya,4.5,89,0,0,tugu & relief pahlawan. area tabur bunga. area parkir. mushola. toilet.,Tempatnya rapi. bersih. dan sangat khidmat. Pas banget buat ziarah atau sekadar ngajak anak-anak belajar sejarah biar mereka tau perjuangan pahlawan Lampung dulu. Pohon-pohonnya rindang. jadi meskipun di pinggir jalan raya. di dalem tetep kerasa tenang dan adem
Benteng Cempaka,Lampung Selatan,Budaya,4.6,386,0,0,tugu & relief sejarah. makam pahlawan. area ziarah. tempat parkir luas. warung makanan,Tempatnya sakral dan sarat sejarah. Begitu masuk. langsung disambut patung Radin Intan II yang gagah. Area bentengnya unik karena berupa gundukan tanah raksasa yang masih terjaga. Cocok buat ziarah sekaligus edukasi sejarah buat anak-anak. Udaranya sejuk karena banyak pohon rindang.
Makam Ratu Darah Putih,Lampung Selatan,Budaya,4.5,75,0,0,wisata religi/sejarah). bangunan makam keramat. area ziarah. pendopo pertemuan,Suasana di sini sangat tenang dan sakral. Area makamnya bersih dan sangat terawat. Buat yang suka wisata religi dan sejarah. tempat ini wajib dikunjungi karena beliau adalah leluhur pahlawan besar Lampung. Berada di sini bikin hati adem.
Dermaga Bom,Lampung Selatan,Buatan,4.2,2210,0,0,wisata kuliner (otak-otak & seafood). area memancing. pasar ikan hias. taman bermain anak. mushola. toilet.,Suasananya rame dan hidup. terutama pas sore dan malam minggu. Ada banyak pilihan rumah makan seafood seperti Nong Bohay atau Pondok Air Panas di sekitarnya. Pemandangan Gunung Rajabasa dari kejauhan juga bikin foto makin estetik.
Alau Alau Boutique Resort,Lampung Selatan,Buatan,4.1,469,15000,3437,pantai pribadi (private beach). cottage/penginapan. kolam renang. area bermain anak. restoran. mushola. toilet.,Hidden gem buat yang mau bener-bener nyepi! Pantai pribadinya (Laguna Helau) bagus banget. airnya jernih dan banyak batu karang eksotis buat foto-foto. Paling suka tipe rumah panggungnya. berasa banget suasana alaminya. Cocok buat honeymoon atau keluarga yang cari ketenangan.
Tabek Indah,Lampung Selatan,Buatan,4.2,1772,15000,3892,kolam renang (waterboom). cottage/penginapan. area outbound. lapangan paintball. kolam pemancingan. restoran. mushola. toilet.,Tempatnya luas banget dan adem! Cocok buat acara keluarga besar atau gathering kantor. Anak-anak paling seneng main di kolam renangnya. Suasananya bener-bener kayak di kampung. banyak pohon dan sawah. Highly recommended buat yang mau cari udara segar deket Bandar Lampung.
Hutan Jati,Bandar Lampung,Alam,4.7,234,10000,4532,Spot foto (city light). area camping. kafe. area api unggun. mushola. toilet.,View-nya gila sih. dapet paket lengkap: kota. bukit. sama laut dalam satu frame! Paling pas dateng sore buat dapet sunset. terus lanjut liat city light pas malem. Vibes-nya adem banget kayak di Bandung. cocok buat nge-camp bareng temen-temen.
Taman Betung,Bandar Lampung,Alam,4.7,308,15000,7967,kebun jamur. taman kelinci. camping ground. gazebo. area bermain anak. kantin. mushola. toilet.,Tempatnya sejuk banget karena posisinya di bawah kaki gunung. Taman bunganya cantik dan terawat. cocok banget buat yang hobi foto-foto atau sekadar mau 'healing' tipis-tipis. Anak-anak juga seneng karena ada kolam renang dan area playground-nya.
Farmora,Bandar Lampung,Buatan,4.2,155,15000,12900,kolam renang anak. interaksi satwa (domba/kelinci). area memanah. kafe & resto. gazebo. mushola. toilet,Surganya anak-anak banget! Di sini si kecil bisa bebas lari-larian dan kenalan sama hewan-hewan lucu kayak domba merino. kelinci. sama burung. Paling seru pas kasih makan ikan koi sama domba. pakan hewan cuma 2rb per paket. Suasananya sejuk dan banyak spot foto estetik ala Eropa.
Sumber Agung,Bandar Lampung,Alam,4.8,18,10000,1977,penangkaran rusa. jembatan kaca. area piknik. jalur trekking. kafe & resto. gazebo. mushola. toilet.,Seru banget bisa kasih makan rusa langsung. anak-anak pasti happy. Tiketnya murah cuma 5-10 ribuan. Suasananya adem karena banyak pohon besar. Sayangnya beberapa fasilitas seperti gazebo dan toilet perlu lebih dirawat lagi.
Krakatau Park,Lampung Selatan,Buatan,4.4,676,180000,37800,wahana permainan (25+ atraksi). waterpark. galeri sains. cinema 4D. food court. klinik. ruang menyusui. mushola. toilet.,Gak perlu jauh-jauh ke Jakarta lagi! Wahana permainannya banyak banget dan seru-seru. favorit saya Lava Purba sama Kincir Raksasa-nya. Pemandangan ke arah laut Bakauheni dari atas kincir bener-bener keren. Cocok banget buat liburan keluarga setelah turun dari kapal feri.
Talang Mulya,Pesawaran,Alam,4.5,175,15000,660,air terjun. camping ground. jalur trekking. area agrowisata (kebun kopi/salak). mushola. toilet.,Hidden gem yang penuh kejutan! Punya banyak air terjun dalam satu kawasan. yang paling favorit Curug Asda. Udaranya sejuk parah karena nempel sama Tahura WAR. Buat yang mau coba canyoneering (turun tebing air terjun). di sini tempatnya. Seru banget buat pemula dan adrenalin bener-bener terpacu!
Pulau Sijebi,Pesawaran,Alam,4.7,3,50000,0,pantai alami. dermaga penyeberangan. penginapan (homestay). area snorkeling. jalur trekking. warung makan. mushola. toilet. ,Bener-bener surga tersembunyi! Spot paling ikonik di sini adalah Karang Bolong-nya. unik banget buat foto. Airnya super jernih dan biru. pasirnya putih bersih. Cocok buat yang mau healing jauh dari keramaian karena pulau ini masih sepi dan alami banget.
Kali Bronjong,Pesawaran,Alam,4.3,660,5000,0,aliran sungai alami. kolam renang anak. sewa ban (tubing). gazebo. kantin. kamar bilas. mushola. toilet.,Surganya anak-anak! Airnya bening kristal. seger banget karena langsung dari mata air. Anak-anak betah main air pake ban pelampung berjam-jam. Paling enak ke sini bawa bekel sendiri terus makan bareng keluarga di saung pinggir sungai. Murah meriah tapi asiknya dapet banget
Ruang Keramik Studio,Metro,Buatan,4.6,193,0,77, galeri karya. area kelas (pottery studio). alat & bahan keramik. instruktur. mushola. toilet.,Bener-bener healing yang berfaedah! Awalnya takut nggak bisa karena nggak ada bakat seni. tapi mentornya sabar banget ngajarin dari nol. Proses pegang tanah liatnya bikin rileks banget. pikiran jadi tenang. Hasil karyanya juga bisa dibawa pulang setelah proses pembakaran. puas banget liat hasilnya
Palem Indah,Metro,Buatan,4.2,1652,30000,4193,kolam renang (waterboom). dunia mini (miniatur dunia). kebun binatang mini. wahana permainan. gazebo. mushola. toilet,Tempat liburan keluarga paling lengkap di Metro. Kolam renangnya banyak pilihan. dari yang dangkal buat balita sampai yang dalam buat dewasa. Pohon palemnya bikin suasana adem dan gak terlalu terik. Anak-anak betah banget seharian di sini!
Metro Garden,Metro,Buatan,4.6,355,30000,6989,kolam renang. taman bunga. taman kelinci. area pemancingan. kafe & resto. gazebo. mushola. toilet,Wisata lengkap di tengah kota Metro. Ada kolam renang anak. taman bunga. sampai kolam pemancingan. Area parkirnya luas dan parkir ke kolam renang gratis. Cocok buat acara bukber atau gathering kantor karena area indoor-nya luas. estetik. dan ada AC-nya
Kampoeng Kopi,Lampung Barat,Buatan,4.7,9,20000,0,kebun kopi edukasi. omah kopi (galeri). area pengolahan pasca panen. homestay. mushola. toilet,Bener-bener surganya pecinta kopi! Masuk ke sini langsung disambut hamparan kebun kopi yang luas banget. Udaranya sejuk parah. apalagi pas kabut turun. berasa lagi di atas awan. Edukasinya dapet banget. kita bisa liat langsung gimana proses kopi dari pohon sampe jadi minuman di Sekolah Kopi. Wajib coba kopi robusta aslinya. mantap!
Air Terjun Mbah Gimo,Lampung Barat,Alam,4.8,8,0,0,Spot foto alami. jalur trekking. area parkir (swadaya). perkebunan kopi,Vibes-nya tenang banget karena emang belum dikelola secara komersil. Masuknya masih gratis. Saran aja bawa bekel sendiri karena nggak ada yang jualan di dalem. Air terjunnya lebar. bagus banget buat latar foto kalau pinter cari angle di bebatuan
Pinus Ecopark Lampung,Lampung Barat,Buatan,4.4,496,5000,27700,camping ground. wahana flying fox. area bermain anak. sewa hammock. warung makan. mushola. toilet,Lokasinya strategis banget di pinggir jalan raya. jadi gampang dicari. Area camping-nya luas dan seru buat bareng temen-temen. Fasilitas kayak toilet. mushola. sama kantin udah memadai. Minusnya kalau habis hujan beberapa titik agak becek. jadi mending bawa alas kaki yang pas
Lanakila Lake,Pringsewu,Alam,4.5,1204,10000,27500,perahu wisata. area piknik. camping ground. wahana anak. food court. mushola. toilet,Gak nyangka di Pringsewu ada tempat sekeren ini! View Bendungan Way Sekampung-nya luas banget. apalagi pas sunset. juara dunia. Areanya rapi. bersih. dan banyak spot foto estetik. Cocok banget buat camping ceria atau sekadar piknik sore bareng keluarga.
Taman Bunga Celosia,Pringsewu,Buatan,4.5,13,10000,0,Spot foto (pemandangan bukit). taman bunga. area duduk. mushola. toilet.,Spot foto instagramable melimpah. Warga sekitar juga ramah-ramah. Meskipun fasilitas pendukung seperti tempat berteduh masih perlu ditambah. tapi buat harga masuk seikhlasnya ini sangat worth it. Lokasinya tepat di bawah Pura Giri Sutra Mandala. jadi suasana budayanya juga dapet.
Taman Wisata BMJ,Pringsewu,Buatan,4.3,480,5000,3541,Spot foto. kolam renang. taman kelinci. hutan jati. aula. mushola. toilet.,Fasilitas lengkap. ada gazebo gratis (tinggal pakai). musala. dan toilet bersih. Makanannya lumayan enak. meskipun kadang ada beberapa menu yang kosong pas lagi ramai. Paling asik duduk di rumah kayu lantai duanya sambil nikmatin angin sepoi-sepoi.
Lembah Akasia,Pringsewu,Alam,4.4,229,5000,3719,kolam renang. gazebo. area terbuka hijau. spot foto. kuliner. mushola. toilet,Bener-bener definisi hidden gem di Pringsewu! Vibes-nya dapet banget. adem dan asri di bawah pohon akasia. Cocok buat yang mau healing sore sambil dengerin suara aliran sungai Way Sekampung. Nasi goreng sama kopinya juga enak. harganya ramah di kantong.
Princhsto Equestrian Park,Pringsewu,Buatan,4.5,425,5000,3973,area berkuda. area memanah. ATV. kereta gantung mini. edukasi satwa. kuliner. penginapan,Vibes-nya kayak lagi di luar kota. areanya tertata rapi. Selain berkuda. ada wahana lain kayak kasih makan kelinci sama domba merino. Tiket masuknya murah meriah cuma 5 ribu. tapi kalau mau naik kuda atau wahana lain bayar lagi. Minusnya kalau hari libur ramenya luar biasa. antre naik kudanya lumayan panjang.
Taman Senja,Pringsewu,Buatan,4.3,52,5000,0,kuliner. pondokan saung kayu. area duduk outdoor. spot foto. area memancing. mushola. toilet,Spot terbaik buat nyore di Pringsewu! Pemandangan ke Jembatan Way Sekampung pas golden hour bener-bener cantik banget. Tempatnya asri. banyak pohon rindang. dan rumah kayunya bikin suasana jadi estetik. Tiketnya juga murah meriah banget. cuma 5 ribuan
Kampung BW,Pringsewu,Buatan,4.5,161,20000,5552,kuliner tradisonal. bangunan & spot foto. meeting room. area weeding. kafe dua lantai. mushola. toilet,Tempatnya juara buat yang mau 'refresh' pikiran. Suasana sawahnya bener-bener berasa kayak di kampung halaman. Makanannya enak-enak. terutama Nasi Biru Telang-nya yang unik dan sehat karena pake pewarna alami bunga. Kopi di roastery-nya juga mantap banget buat nemenin sore!
Virgo Beach,Lampung Selatan,Alam,4.1,219,20000,2638,Kuliner. kafe. jembatan kayu. grilling (BBQ). penginapan. area camping. berenang. gazebo. mushola. toilet. kamar bilas,Gak perlu jauh-jauh ke Bali! Vibes-nya dapet banget. suasananya tenang dan estetik. Sunset-nya juara dunia. paling asik nongkrong sore di bean bag sambil dengerin musik. Tiket masuknya juga ramah di kantong. cuma 10-20 ribuan udah bisa foto sepuasnya.
Siger Horse,Bandar Lampung,Buatan,4.4,81,20000,12100,Arena berkuda. panahan. peternakan mini & edukasi. kuliner. mushola. toilet. area parkir,Tempatnya seru banget buat anak-anak belajar hal baru! Mentornya sabar pas ngajarin teknik dasar kayak walk atau trot. Biayanya juga murah buat yang mau sekadar nyobain naik kuda keliling lapangan. Sangat worth it!
Milkyverse Ciplaz Lampung,Bandar Lampung,Buatan,4.0,92,100000,62000,Banyak macam Permainan,2 jam di sini mantap banget sampe kelaparan. bener bener puasss .cocok buat main sama temen ataupun pacar
Trans Studio Mini Lampung,Bandar Lampung,Buatan,4.5,7128,50000,11300,Spot Foto. Permainan,Tempat luas. permainan nya juga lumayan banyak.
Wongso Tirto Agropark,Lampung Selatan,Buatan,4.4,325,20000,1902,Gazebo. Parkir,Kolam renang untuk keluarga. terutama yang bawa anak-anak. Ada beberapa kolam yang luas. dengan air setinggi mata kaki hingga kolam sepinggang orang dewasa. Kolam bersih. selalu ada petugas yang keliling kontrol kebersihan.
Dragon Waterpark,Lampung Selatan,Buatan,4.8,761,35000,10100,Gazebo. Penyewaan Ban. Parkir. Penginapan,Dragon Water Park bener-bener wahana air keluarga yang wajib dikunjungi kalau lagi cari hiburan seru di Lampung Selatan — dari anak kecil sampai dewasa pasti ketagihan!
Lampung Walk,Bandar Lampung,Buatan,4.5,10830,40000,77000,Kolam Renang. Arena Olahraga,Tempatnya bersih. luas. pilihan tempatnya ada untuk anak2 dan dewasa. ada kolam arus nya JD berasa seperti di sungai.
88 Karting,Bandar Lampung,Buatan,4.1,109,50000,6858,Aksesoris. Arena Balap,1 lap sebenarnya udah bisa untuk penyesuaian. 10 lap ternyata kurang nggak berasa hehehe. Kaya udah gitu aja. Lintasannya sih yang kayaknya kurang luas hehehe.
Navara City Park,Bandar Lampung,Buatan,4.8,616,55000,36700,Theme Park. Waterpark. Parkir. Food Park,Ciptakan moment tak terlupakan di Navara Citipark ☺ Tepatnya luas. nyaman. Superclean. wahananya cukup banyak. foodcourt didalemnya juga super lengkap..
Gubak Hills,Bandar Lampung,Buatan,4.5,21,30000,4467,Resto. Pemandangan. Spot foto,Tempat yang sangat bagus yah ini. pemandanganya gunung. indahh. Banyak banget spot foto mantap. Rasa makananya cukup oke dengan harga yang masih terjangkao.
Taman Wisata Alkazam,Lampung Selatan,Buatan,4.5,79,10000,0,Kantin. Parkir. Spot foto,Bagus pemandangannya. berada di atas pegunungan kecil.sejauh mata memandang terlihat pemukiman penduduk yang tampak berderet mengelilingi taman.semakin menambah keindah tempat tersebut.
The Ocean View,Bandar Lampung,Buatan,4.3,125,35000,9072,Resto. Pemandangan. Spot foto. villa,Untuk lokasi nya bagus banget. tapi untuk bagian cafe atau tempat jajannya masih harus banyak banget yang di perbaiki seperti belum siap melayani. pelayanan lambat. salah pesanan. stok masakan masih pada beku
Teluk Hantu,Pesawaran,Alam,4.3,557,20000,0,Parkir. Spot foto,Pantai yang sangat cantik. indah dan alami. Akses daratnya ga perlu dijelasin. cocok buat latihan fisik dan mental. Saat ini pantai teluk hantu sudah bisa diakses menggunakan kapal. jadi bisa menghemat waktu perjalanan.
D'Rajash Beach,Pesawaran,Alam,4.4,33,15000,4222,Parkir. Spot foto. Resto,Pantai dan tempat penyeberangan untuk ke pulau tegal mas dan pulau pahawang
Pantai Pancur Permai,Pesawaran,Alam,4.4,63,0,0,Parkir,pantai yg sangat astetik dan indah cocok sekali buat santai santai
Pantai Kelapa Kunjir,Pesawaran,Alam,4.3,176,20000,0,Parkir,Pantai rakyat yang cukup bersih. di bagian depan ada pasir utk anak2 bermain. n dibagian belakang nya lebih banyak bebatuan. ada halaman luas bisa dimanfaatkan untuk kegiatan. wc juga tersedia. biaya masuknya motor Rp10.000 . mobil Rp 30.000 - Rp 50.000.
Pantai Karang Bebai,Tanggamus,Alam,4.5,217,15000,80,Spot Foto,Laut nya mantap bgt deburan ombaknya bnr bnr bikin tenang. karang2 nya estetik buat foto2. tida lupa pohon kelapanya juga menambah estetika pokonya bgs bgtttt
Pantai Pintasan,Tanggamus,Alam,4.6,160,10000,0,Parkir. Spot Foto,tempat yang sangat bagus pantainya terus waktu kesini lagi sepi jadi enak foto foto nya dan alhamdulillah aman selama di perjalanan
Pantai Teluk Paku,Tanggamus,Alam,4.7,83,0,0,Spot Foto. Ombak,Wisata Teluk Paku. Sangat indah dan bagus. Kalau pas surut kita bisa ke batu karang yang tidak jauh dari pinggir pantai
Air Terjun Curug Intan,Pesawaran,Alam,4.3,7,0,0,"Area parkir sederhana, jalur trekking, tempat istirahat, warung kecil",Lumayan jauh dr jalan utama. tapi ada fasilitas pengendara ojek di kampung2 menuju ke aer terjun
Air Terjun Congkanan,Pesawaran,Alam,4.9,8,0,0,"Jalur trekking, area parkir, tempat duduk sederhana, warung sekitar",Pemandangannya cukup indah dan memanjakan mata akan tetapi akses jalan menuju lokasi sangat jelek. harusnya pemerintah desa maupun kabupaten memperbaikinya karna itu adalah jalan untuk para wisatawan menuju air terjun
Pantai Bidadari Putih,Tanggamus,Alam,4.5,99,10000,0,Pantai bersih. pasir putih. pepohonan,Pantainya bagus banget. bersih. dan banyak tempat duduk yang free. tiket masuknya murah banget dan Jalannya cocok banget untuk pemula.
Bendungan Tirta Shinta,Lampung Utara,Buatan,4.1,520,10000,0,Gazebo. parkir. saung,Salah satu tempat wisata di lampung utara. tempatnya sejuk dan nyaman. Tersedia juga kolam renang. wahana perahu. makanan dan minuman disini serta terasedia fasilitas mushola.
Pasir Timbul Pahawang,Pesawaran,Alam,4.7,471,270000,49000,Resort & villa. Penginapan (cottage di atas laut). penyewaan alat snorkeling. dan perahu wisata.,Pokoknya Pahawang dan sekitarnya tempat yang indah dan menyenangkan buat bermain bersama keluarga termasuk Balita. :)
Pantai Ketapang Bahari,Pesawaran,Alam,4.5,1540,50000,118,Gazebo. parkir,Bagus. air nya jernih. banyak terumbu karang dan ikan. kemarin liat ikan Nemo besar. Tiket masuk pun murah 60rb permobil
Pulau Panjurit,Lampung Selatan,Alam,4.8,9,0,0,"Area pantai, spot foto, tempat bersantai, akses perahu, warung sekitar",Pulau ini memiliki suasana yang tenang dengan pemandangan laut yang cukup menarik.
Pantai Batu Mandi,Pesawaran,Alam,4.1,455,25000,0,Gazebo. Musholla. parkir,Cocok untuk berenang keluarga. anak anak tapa ada rasa takut ombak besar. Ombak kecil dan pasir yg lumayan luas....
Pantai Bensam 2,Pesawaran,Alam,4.6,133,25000,3365,Gazebo. Musholla. parkir. Cottage,Bensam beach seruu untuk bermain. nyaman untuk ber swa foto. tempat yg lumayan bagus untuk healing dan refreshing
Pemancar Way Gubak,Bandar Lampung,Buatan,4.6,103,10000,1125,Kantin. Spot foto. pemandangan,Tempat nongkrong yang asik dengan view gunung dan laut. Bisa menikmati city light Bandar Lampung. makanan dan minuman nya enak enak terutama nasi goreng+teh tarik paling joss tiket masuknya cuma 10k untuk hasil sunset yang okee ini sih wort it banget
Pemancar Gunung Balau,Bandar Lampung,Buatan,4.6,150,10000,1125,Kantin. Spot foto. pemandangan,udah sering kesini dari beberapa tahun lalu dan kebetulan kesini pas pagi-pagi dan beruntung banget cuaca nya sedang berkabut jadi vibesnya seperti di puncak bogor
Teropong Kota Bukit Sindy,Bandar Lampung,Buatan,4.2,4537,15000,5327,Resto. spot foto,bagus untuk wisata lokal. sejuk dan dari ketinggian bisa menikmati lampu lampu kota dari ketinggian dan kejauhan.
Pantai Tanjung Selaki,Lampung Selatan,Alam,4.2,341,10000,0,"Area parkir, pondokan, warung, toilet, spot foto pantai","Pantainya nyaman untuk bersantai, menikmati angin laut, dan berfoto bersama teman."
Air Terjun Curup Padae,Lampung Barat,Alam,4.4,108,15000,2633,"Jalur menuju air terjun, area istirahat, parkir sederhana, spot alam",Akses jalan motor mobil bagus. untuk masuk area ga jauh tapi kalo hujan lumayan becek pas jalan kaki ke curupnya. Cocok buat kumpul. makan bareng keluarga.
Taman Tugu Kopiah dan Patung Pengantin,Lampung Tengah,Budaya,4.5,2591,0,0,"Area parkir, taman, tempat duduk, spot foto, ruang terbuka",Ruang terbuka publik untuk masyarakat Lampung Tengah. khususnya Gunung Sugih. ikon Provinsi Lampung ini terletak di sebelah kanan Jalan Lintas Sumatera. bisa jadi tempat istirahat sejenak dan terdapat beberapa jajanan sembari istirahat dan menikmati lalu-lalang kendaraan melintas.
Centro Futsal & Waterboom,Lampung Tengah,Buatan,4.0,701,25000,0,Parkir. Penyewaan ban. area bermain,Parkir luas. Banyak pilihan kolam dan permainan. Tempat duduk untuk makan dan ngobrol ada banyak. Sangat direkomendasikan untuk menghabiskan waktu akhir pekan keluarga.
Taman Dipangga,Bandar Lampung,Buatan,4.4,1144,0,0,"Area parkir, taman, tempat duduk, toilet, ruang terbuka hijau","Tempatnya cukup nyaman untuk bersantai, berjalan santai, dan menikmati suasana kota."
Masjid Istiqlal Bandar Jaya,Lampung Tengah,Budaya,4.7,3233,0,536,Parkir luas. toilet. tempat wudhu,Tempat bersih. parkiran luas. banyak yg jual makanan minuman cocok utk yg istirahat perjalanan jauh. TAPI tolong diperhatikan kebersihan tempat wudhunya licin. mulai kusam lantainya sepertinya jarang disikat. kamar mandinya bau polll ya Allah.
Lapangan Merdeka Kotagajah,Lampung Tengah,Buatan,4.2,1035,0,0,"Area parkir, lapangan terbuka, tempat duduk, pedagang sekitar",Lapangan merdeka kota gajah ini 🐘 menurut aku iconic buat kecamatan kota gajah Areanya cukup luas juga buat ngadain berbagai acara!
Lungsir (Taman Kota),Bandar Lampung,Buatan,4.5,8028,0,0,"Area parkir, taman kota, tempat duduk, jalur pejalan kaki, spot foto",Sebuah titik kumpul dengan beberapa spot kota seperti masjid dan JPO terbaru Tempat ini sangat ramai saat malam hari. banyak masyarakat memanfaatkan tempat ini sebagai wisata bersama keluarga. teman. maupun pasangan. juga terdapat banyak sekali pedagang makanan dan minuman disini
Pantai Mutiara Baru,Lampung Timur,Alam,4.2,465,10000,954,"Area parkir, warung, pondokan, toilet, spot foto pantai",Tempat berteduh cukup banyak. yang jualan juga cukup banyak. disekitar pantai cukup bersih. Untuk bersantai cukup bagus. Toilet juga sepertinya disediakan. Biaya masuk 10k per orang. tidak ada parkir2 lagi. Gazebo juga sudah free.
Danau Kemuning,Lampung Timur,Alam,4.2,476,10000,0,"Loket tiket, parkir, toilet, jalur hiking, shelter, area camping, sumber air bersih, pemandu lokal",Pemandangannya luar biasa indah! Udara segar dan suasana alami yang menenangkan. Cocok banget buat healing dari rutinitas kota. Fasilitas cukup memadai. Wajib dikunjungi kalau ke Lampung!
Taman Budaya Lampung,Bandar Lampung,Budaya,4.4,1388,0,7356,"Area parkir, loket, museum mini, pemandu, toilet bersih, ruang multimedia, taman, warung kopi tradisional",Tempat yang kaya akan nilai sejarah dan budaya Lampung. Sangat edukatif dan inspiratif. Pemandu wisatanya informatif dan ramah. Koleksi artefaknya lengkap dan terjaga. Wajib dikunjungi!
Hutan Mangrove Petengoran,Pesawaran,Alam,4.6,109,15000,11928,"Parkir motor & mobil, toilet darurat, warung kopi, jembatan gantung, spot foto, guide lokal tersedia",Tempat wisata alam yang masih asri dan terjaga kealamiannya. Perjalanan ke sana worth it. Spot foto alamnya keren banget. Pengelolaan sudah cukup baik. Harga tiket sangat terjangkau.
Lampung Marriott Resort,Pesawaran,Buatan,4.7,1218,2000000,56500,"Area parkir, loket tiket, wahana permainan, toilet, mushola, kantin, area foto, pemandu, souvenir shop","Wahana lengkap dan terawat dengan baik. Anak-anak sangat senang. Pengelolaan rapi, antrian teratur. Harga tiket terjangkau untuk keluarga. Penjaga wahana ramah dan profesional. Pasti balik lagi!"
TMII Water Boom,Metro,Buatan,4.2,76,25000,1105,"Area parkir, loket tiket, wahana permainan, toilet, mushola, kantin, area foto, pemandu, souvenir shop",Destinasi wisata keluarga yang tidak mengecewakan. Banyak pilihan wahana. Anak-anak betah berlama-lama. Tempatnya bersih dan aman. Staf ramah. Harga tiket sesuai dengan fasilitas yang ada.
Rumah Adat Kebandaran Marga Balak,Bandar Lampung,Budaya,4.8,139,0,0,"Area parkir, loket, museum mini, pemandu, toilet bersih, ruang multimedia, taman, warung kopi tradisional",Tempat yang kaya akan nilai sejarah dan budaya Lampung. Sangat edukatif dan inspiratif. Pemandu wisatanya informatif dan ramah. Koleksi artefaknya lengkap dan terjaga. Wajib dikunjungi!
Taman Wisata Hutan Kera,Bandar Lampung,Buatan,4.8,139,5000,0,"Parkir luas, toilet, mushola, wahana air, kantin, loker penitipan, kamera pengintai, papan petunjuk, P3K",Destinasi wisata keluarga yang tidak mengecewakan. Banyak pilihan wahana. Anak-anak betah berlama-lama. Tempatnya bersih dan aman. Staf ramah. Harga tiket sesuai dengan fasilitas yang ada.
Museum Purbakala,Lampung Timur,Budaya,4.4,122,5000,0,"Parkir, mushola, toilet, pemandu wisata, ruang pameran, toko souvenir, area foto, panggung pertunjukan",Tempat yang kaya akan nilai sejarah dan budaya Lampung. Sangat edukatif dan inspiratif. Pemandu wisatanya informatif dan ramah. Koleksi artefaknya lengkap dan terjaga. Wajib dikunjungi!
Museum Kekhatuan Semaka,Tanggamus,Budaya,4.4,49,0,0,"Parkir, mushola, toilet, pemandu wisata, ruang pameran, toko souvenir, area foto, panggung pertunjukan",Tempat yang kaya akan nilai sejarah dan budaya Lampung. Sangat edukatif dan inspiratif. Pemandu wisatanya informatif dan ramah. Koleksi artefaknya lengkap dan terjaga. Wajib dikunjungi!
Museum Nasional Transmigrasi,Pesawaran,Budaya,4.6,99,0,0,"Area parkir, loket, museum mini, pemandu, toilet bersih, ruang multimedia, taman, warung kopi tradisional",Pengalaman yang memperkaya wawasan tentang budaya lokal. Bangunan bersejarah yang terawat apik. Bisa belajar banyak tentang tradisi dan adat Lampung. Cocok untuk kunjungan edukasi.
Danau Telaga Gupid Gading Rejo,Pringsewu,Alam,4,390,2000,0,"Area parkir, toilet umum, gazebo, jalur trekking, pemandu wisata, warung makan, spot foto, area piknik",Pemandangannya luar biasa indah! Udara segar dan suasana alami yang menenangkan. Cocok banget buat healing dari rutinitas kota. Fasilitas cukup memadai. Wajib dikunjungi kalau ke Lampung!
TAHURA WAR LAMPUNG,Pesawaran,Buatan,4.4,1098,10000,865,"Kolam renang, seluncuran, wahana anak, toilet, kantin, parkir, mushola, penyewaan pelampung, foto gratis","Wahana lengkap dan terawat dengan baik. Anak-anak sangat senang. Pengelolaan rapi, antrian teratur. Harga tiket terjangkau untuk keluarga. Penjaga wahana ramah dan profesional. Pasti balik lagi!"
WAY MIOS,Pesawaran,Alam,4.5,273,20000,0,"Parkir luas, toilet, mushola, jembatan kayu, menara pantau, warung kuliner lokal, area selfie instagramable","Salah satu destinasi favorit keluarga. Anak-anak suka banget main di sini. Alam yang indah, udara bersih, pemandangan hijau. Fasilitasnya sudah lumayan. Recommended untuk liburan keluarga!"
Banyu Langit Cottage,Pesawaran,Buatan,4.7,54,10000,0,"Parkir luas, toilet, mushola, wahana air, kantin, loker penitipan, kamera pengintai, papan petunjuk, P3K","Wahana lengkap dan terawat dengan baik. Anak-anak sangat senang. Pengelolaan rapi, antrian teratur. Harga tiket terjangkau untuk keluarga. Penjaga wahana ramah dan profesional. Pasti balik lagi!"
Wisata Alam Jingglong,Pringsewu,Alam,4.4,28,0,0,"Parkir luas, toilet, mushola, jembatan kayu, menara pantau, warung kuliner lokal, area selfie instagramable",Pemandangannya luar biasa indah! Udara segar dan suasana alami yang menenangkan. Cocok banget buat healing dari rutinitas kota. Fasilitas cukup memadai. Wajib dikunjungi kalau ke Lampung!
Kampung Wisata Gedung Batin,Way Kanan,Budaya,4.2,89,0,0,"Area parkir, loket, museum mini, pemandu, toilet bersih, ruang multimedia, taman, warung kopi tradisional",Tempat yang kaya akan nilai sejarah dan budaya Lampung. Sangat edukatif dan inspiratif. Pemandu wisatanya informatif dan ramah. Koleksi artefaknya lengkap dan terjaga. Wajib dikunjungi!
Wisata Konservasi Alam Batu Langit,Lampung Barat,Buatan,4.3,44,20000,750,"Area parkir, loket tiket, wahana permainan, toilet, mushola, kantin, area foto, pemandu, souvenir shop",Destinasi wisata keluarga yang tidak mengecewakan. Banyak pilihan wahana. Anak-anak betah berlama-lama. Tempatnya bersih dan aman. Staf ramah. Harga tiket sesuai dengan fasilitas yang ada.
Desa Wisata Bali Dharma Kerti,Lampung Barat,Budaya,4.5,32,0,0,"Area parkir, loket, museum mini, pemandu, toilet bersih, ruang multimedia, taman, warung kopi tradisional",Tempat yang kaya akan nilai sejarah dan budaya Lampung. Sangat edukatif dan inspiratif. Pemandu wisatanya informatif dan ramah. Koleksi artefaknya lengkap dan terjaga. Wajib dikunjungi!
Taman Cibiah,Bandar Lampung,Buatan,4.3,241,15000,370,"Parkir luas, toilet, mushola, wahana air, kantin, loker penitipan, kamera pengintai, papan petunjuk, P3K","Wahana lengkap dan terawat dengan baik. Anak-anak sangat senang. Pengelolaan rapi, antrian teratur. Harga tiket terjangkau untuk keluarga. Penjaga wahana ramah dan profesional. Pasti balik lagi!"
Umbul Helau Lampung,Pesawaran,Buatan,4.5,366,15000,0,"Parkir luas, toilet, mushola, wahana air, kantin, loker penitipan, kamera pengintai, papan petunjuk, P3K",Tempat rekreasi yang seru dan aman. Cocok untuk segala usia. Wahana airnya menyegarkan. Makanan di kantin enak dan harganya wajar. Parkir luas dan mudah. Pengalaman liburan yang memuaskan.
WISATA VILLA GARDENIA LAMPUNG,Pesawaran,Buatan,4.3,1520,15000,9951,"Area parkir, loket tiket, wahana permainan, toilet, mushola, kantin, area foto, pemandu, souvenir shop","Wahana lengkap dan terawat dengan baik. Anak-anak sangat senang. Pengelolaan rapi, antrian teratur. Harga tiket terjangkau untuk keluarga. Penjaga wahana ramah dan profesional. Pasti balik lagi!"
Situs Megalitikum Batu Berak,Lampung Barat,Budaya,4.4,286,0,0,"Parkir, mushola, toilet, pemandu wisata, ruang pameran, toko souvenir, area foto, panggung pertunjukan",Tempat yang kaya akan nilai sejarah dan budaya Lampung. Sangat edukatif dan inspiratif. Pemandu wisatanya informatif dan ramah. Koleksi artefaknya lengkap dan terjaga. Wajib dikunjungi!
Pantai Queen Artha,Pesawaran,Buatan,4.1,895,30000,0,"Area parkir, loket tiket, wahana permainan, toilet, mushola, kantin, area foto, pemandu, souvenir shop",Tempat rekreasi yang seru dan aman. Cocok untuk segala usia. Wahana airnya menyegarkan. Makanan di kantin enak dan harganya wajar. Parkir luas dan mudah. Pengalaman liburan yang memuaskan.
Taman Cerry Glompong,Lampung Tengah,Buatan,4.1,434,5000,26000,"Parkir luas, toilet, mushola, wahana air, kantin, loker penitipan, kamera pengintai, papan petunjuk, P3K","Wahana lengkap dan terawat dengan baik. Anak-anak sangat senang. Pengelolaan rapi, antrian teratur. Harga tiket terjangkau untuk keluarga. Penjaga wahana ramah dan profesional. Pasti balik lagi!"
Rhino Camp TNBBS,Tanggamus,Alam,4.8,220,320000,1991,"Loket tiket, parkir, toilet, jalur hiking, shelter, area camping, sumber air bersih, pemandu lokal",Pemandangannya luar biasa indah! Udara segar dan suasana alami yang menenangkan. Cocok banget buat healing dari rutinitas kota. Fasilitas cukup memadai. Wajib dikunjungi kalau ke Lampung!
TAMAN DJAYATARUNA,Natar,Buatan,4.6,301,15000,3897,"Parkir luas, toilet, mushola, wahana air, kantin, loker penitipan, kamera pengintai, papan petunjuk, P3K",Destinasi wisata keluarga yang tidak mengecewakan. Banyak pilihan wahana. Anak-anak betah berlama-lama. Tempatnya bersih dan aman. Staf ramah. Harga tiket sesuai dengan fasilitas yang ada.
Puncak Rest Area,Lampung Barat,Buatan,4.6,1716,7000,458,"Kolam renang, seluncuran, wahana anak, toilet, kantin, parkir, mushola, penyewaan pelampung, foto gratis",Tempat rekreasi yang seru dan aman. Cocok untuk segala usia. Wahana airnya menyegarkan. Makanan di kantin enak dan harganya wajar. Parkir luas dan mudah. Pengalaman liburan yang memuaskan.
Tugu Adipura,Bandar Lampung,Buatan,4.6,7662,0,0,"Kolam renang, seluncuran, wahana anak, toilet, kantin, parkir, mushola, penyewaan pelampung, foto gratis","Wahana lengkap dan terawat dengan baik. Anak-anak sangat senang. Pengelolaan rapi, antrian teratur. Harga tiket terjangkau untuk keluarga. Penjaga wahana ramah dan profesional. Pasti balik lagi!"
Air Terjun Tirai,Tanggamus,Alam,4.7,90,0,0,"Parkir luas, toilet, mushola, jembatan kayu, menara pantau, warung kuliner lokal, area selfie instagramable",Pemandangannya luar biasa indah! Udara segar dan suasana alami yang menenangkan. Cocok banget buat healing dari rutinitas kota. Fasilitas cukup memadai. Wajib dikunjungi kalau ke Lampung!
Pringsewu Ranch and Resto,Pringsewu,Buatan,4.5,425,10000,14300,"Area parkir, loket tiket, wahana permainan, toilet, mushola, kantin, area foto, pemandu, souvenir shop",Destinasi wisata keluarga yang tidak mengecewakan. Banyak pilihan wahana. Anak-anak betah berlama-lama. Tempatnya bersih dan aman. Staf ramah. Harga tiket sesuai dengan fasilitas yang ada.
La Nadiya Villa Pahawang,Pringsewu,Buatan,4.7,1444,1000000,11000,"Parkir luas, toilet, mushola, wahana air, kantin, loker penitipan, kamera pengintai, papan petunjuk, P3K","Wahana lengkap dan terawat dengan baik. Anak-anak sangat senang. Pengelolaan rapi, antrian teratur. Harga tiket terjangkau untuk keluarga. Penjaga wahana ramah dan profesional. Pasti balik lagi!"
Lampung City Mall,Bandar Lampung,Buatan,4.6,2814,10000,46100,"Parkir luas, toilet, mushola, wahana air, kantin, loker penitipan, kamera pengintai, papan petunjuk, P3K","Wahana lengkap dan terawat dengan baik. Anak-anak sangat senang. Pengelolaan rapi, antrian teratur. Harga tiket terjangkau untuk keluarga. Penjaga wahana ramah dan profesional. Pasti balik lagi!"
Mall Kartini,Bandar Lampung,Buatan,4.4,11440,10000,16000,"Kolam renang, seluncuran, wahana anak, toilet, kantin, parkir, mushola, penyewaan pelampung, foto gratis","Wahana lengkap dan terawat dengan baik. Anak-anak sangat senang. Pengelolaan rapi, antrian teratur. Harga tiket terjangkau untuk keluarga. Penjaga wahana ramah dan profesional. Pasti balik lagi!"
Mall Boemi Kedaton,Bandar Lampung,Buatan,4.6,31041,10000,42200,"Area parkir, loket tiket, wahana permainan, toilet, mushola, kantin, area foto, pemandu, souvenir shop",Tempat rekreasi yang seru dan aman. Cocok untuk segala usia. Wahana airnya menyegarkan. Makanan di kantin enak dan harganya wajar. Parkir luas dan mudah. Pengalaman liburan yang memuaskan.
Grand Mall Lampung,Bandar Lampung,Buatan,4.3,43,10000,3563,"Kolam renang, seluncuran, wahana anak, toilet, kantin, parkir, mushola, penyewaan pelampung, foto gratis","Wahana lengkap dan terawat dengan baik. Anak-anak sangat senang. Pengelolaan rapi, antrian teratur. Harga tiket terjangkau untuk keluarga. Penjaga wahana ramah dan profesional. Pasti balik lagi!"
Karang Indah Mall,Bandar Lampung,Buatan,4,262,10000,7628,"Parkir luas, toilet, mushola, wahana air, kantin, loker penitipan, kamera pengintai, papan petunjuk, P3K",Destinasi wisata keluarga yang tidak mengecewakan. Banyak pilihan wahana. Anak-anak betah berlama-lama. Tempatnya bersih dan aman. Staf ramah. Harga tiket sesuai dengan fasilitas yang ada.
Ciplaz Lampung (RAMAYANA),Bandar Lampung,Buatan,4.3,4564,10000,31500,"Kolam renang, seluncuran, wahana anak, toilet, kantin, parkir, mushola, penyewaan pelampung, foto gratis",Tempat rekreasi yang seru dan aman. Cocok untuk segala usia. Wahana airnya menyegarkan. Makanan di kantin enak dan harganya wajar. Parkir luas dan mudah. Pengalaman liburan yang memuaskan.
Central Plaza Lampung,Bandar Lampung,Buatan,4.1,57,10000,7916,"Area parkir, loket tiket, wahana permainan, toilet, mushola, kantin, area foto, pemandu, souvenir shop","Wahana lengkap dan terawat dengan baik. Anak-anak sangat senang. Pengelolaan rapi, antrian teratur. Harga tiket terjangkau untuk keluarga. Penjaga wahana ramah dan profesional. Pasti balik lagi!"
WaHaHa Seafood,Bandar Lampung,Kuliner,4.9,8206,50000,21300,"Parkir luas, toilet bersih, mushola, area makan indoor dan outdoor, AC, Wi-Fi gratis, kursi bayi tersedia, area bebas rokok","Makanannya enak banget, bumbu meresap sempurna. Tempat bersih, parkir gampang, harga sesuai kualitas. Udah coba beberapa menu, semua memuaskan. Rekomen banget buat yang mau kulineran di sini."
Saba Cafe & Resto,Bandar Lampung,Kuliner,4.8,57,25000,2372,"Parkir, mushola, kamar mandi, area lesehan karpet, meja panjang untuk rombongan, AC, kulkas minuman sendiri",Pertama kali coba dan langsung jatuh cinta sama rasanya. Menu beragam dan segar. Pelayan sigap dan friendly. Harga ramah di kantong. Worth it banget! Sudah rekomendasiin ke teman-teman.
J cores ( BILLIARD COFFE AND RESTO),Bandar Lampung,Kuliner,4.9,583,25000,1274,"Parkir luas, toilet bersih, mushola, area makan indoor dan outdoor, AC, Wi-Fi gratis, kursi bayi tersedia, area bebas rokok","Rasanya autentik dan bikin nagih! Porsinya besar, harganya terjangkau. Pelayanannya ramah dan cepat. Tempatnya bersih dan nyaman. Cocok untuk makan bersama keluarga maupun teman. Pasti akan balik lagi!"
Platinum Resto & Cafe,Bandar Lampung,Kuliner,4.8,424,50000,53000,"Ruang VIP tersedia, AC, parkir luas, toilet bersih, mushola, kasir digital, menu vegetarian tersedia, katering","Makanannya enak banget, bumbu meresap sempurna. Tempat bersih, parkir gampang, harga sesuai kualitas. Udah coba beberapa menu, semua memuaskan. Rekomen banget buat yang mau kulineran di sini."
WISEMAN Comfort Garden Cafe,Bandar Lampung,Kuliner,4.4,1530,50000,25000,"Parkir motor & mobil, mushola, kamar mandi bersih, area lesehan, gazebo outdoor, Wi-Fi, paket catering tersedia","Sudah langganan di sini bertahun-tahun, konsisten enak. Tidak pernah mengecewakan. Tempat selalu bersih, antrian cepat. Menu favorit saya selalu tersedia. Nggak ada yang bisa ngalahin cita rasanya."
Teluk Backyard Cafe Resto,Bandar Lampung,Kuliner,4.6,60,30000,2500,"Parkir gratis, toilet, area makan terbuka dengan pemandangan alam, spot foto instagramable, Wi-Fi, kursi outdoor","Cocok banget buat makan siang keluarga. Banyak pilihan menu, dari yang pedas sampai tidak pedas ada. Porsinya pas, tidak terlalu kecil. Harganya juga friendly. Tempatnya adem, ada AC juga."
Jumbo SeaFood,Bandar Lampung,Kuliner,4.5,5938,100000,4201,"Parkir gratis, toilet, area makan terbuka dengan pemandangan alam, spot foto instagramable, Wi-Fi, kursi outdoor","Rasanya autentik dan bikin nagih! Porsinya besar, harganya terjangkau. Pelayanannya ramah dan cepat. Tempatnya bersih dan nyaman. Cocok untuk makan bersama keluarga maupun teman. Pasti akan balik lagi!"
Sambal Mewah Bernoeng,Pesawaran,Kuliner,4.5,205,25000,11400,"Parkir gratis, toilet, area makan terbuka dengan pemandangan alam, spot foto instagramable, Wi-Fi, kursi outdoor","Rasanya autentik dan bikin nagih! Porsinya besar, harganya terjangkau. Pelayanannya ramah dan cepat. Tempatnya bersih dan nyaman. Cocok untuk makan bersama keluarga maupun teman. Pasti akan balik lagi!"
Kinar Resto,Bandar Lampung,Kuliner,4.6,2895,50000,20800,"Parkir motor & mobil, mushola, kamar mandi bersih, area lesehan, gazebo outdoor, Wi-Fi, paket catering tersedia","Sudah langganan di sini bertahun-tahun, konsisten enak. Tidak pernah mengecewakan. Tempat selalu bersih, antrian cepat. Menu favorit saya selalu tersedia. Nggak ada yang bisa ngalahin cita rasanya."
Boedi Resto,Bandar Lampung,Kuliner,4.8,64,25000,1125,"Area parkir memadai, toilet, wastafel, ruang makan ber-AC, live music setiap akhir pekan, layanan pesan antar","Sudah langganan di sini bertahun-tahun, konsisten enak. Tidak pernah mengecewakan. Tempat selalu bersih, antrian cepat. Menu favorit saya selalu tersedia. Nggak ada yang bisa ngalahin cita rasanya."
The Summit Bistro,Bandar Lampung,Kuliner,4.5,1332,50000,1692,"Parkir luas, toilet bersih, mushola, area makan indoor dan outdoor, AC, Wi-Fi gratis, kursi bayi tersedia, area bebas rokok",Pertama kali coba dan langsung jatuh cinta sama rasanya. Menu beragam dan segar. Pelayan sigap dan friendly. Harga ramah di kantong. Worth it banget! Sudah rekomendasiin ke teman-teman.
Sambal Seruit Buk Lin Pahoman,Bandar Lampung,Kuliner,4.6,2479,30000,64000,"Parkir motor & mobil, mushola, kamar mandi bersih, area lesehan, gazebo outdoor, Wi-Fi, paket catering tersedia","Cocok banget buat makan siang keluarga. Banyak pilihan menu, dari yang pedas sampai tidak pedas ada. Porsinya pas, tidak terlalu kecil. Harganya juga friendly. Tempatnya adem, ada AC juga."
Sambal Lalak,Bandar Lampung,Kuliner,4.9,1641,30000,3108,"Parkir, mushola, kamar mandi, area lesehan karpet, meja panjang untuk rombongan, AC, kulkas minuman sendiri","Cocok banget buat makan siang keluarga. Banyak pilihan menu, dari yang pedas sampai tidak pedas ada. Porsinya pas, tidak terlalu kecil. Harganya juga friendly. Tempatnya adem, ada AC juga."
Sambal Seruit Buk Lin Korpri,Bandar Lampung,Kuliner,4.6,2078,30000,64000,"Parkir gratis, toilet, area makan terbuka dengan pemandangan alam, spot foto instagramable, Wi-Fi, kursi outdoor","Rasanya autentik dan bikin nagih! Porsinya besar, harganya terjangkau. Pelayanannya ramah dan cepat. Tempatnya bersih dan nyaman. Cocok untuk makan bersama keluarga maupun teman. Pasti akan balik lagi!"
Cikwo Kuliner Khas Lampung,Bandar Lampung,Kuliner,4.6,754,30000,6201,"Parkir luas, toilet bersih, mushola, area makan indoor dan outdoor, AC, Wi-Fi gratis, kursi bayi tersedia, area bebas rokok","Sudah langganan di sini bertahun-tahun, konsisten enak. Tidak pernah mengecewakan. Tempat selalu bersih, antrian cepat. Menu favorit saya selalu tersedia. Nggak ada yang bisa ngalahin cita rasanya."
Dijis Kopi Cafe & Resto,Bandar Lampung,Kuliner,4.8,189,30000,1464,"Parkir, mushola, kamar mandi, area lesehan karpet, meja panjang untuk rombongan, AC, kulkas minuman sendiri","Cocok banget buat makan siang keluarga. Banyak pilihan menu, dari yang pedas sampai tidak pedas ada. Porsinya pas, tidak terlalu kecil. Harganya juga friendly. Tempatnya adem, ada AC juga."
Jukung Vietnam Resto,Bandar Lampung,Kuliner,4.8,674,30000,25000,"Parkir luas, toilet bersih, mushola, area makan indoor dan outdoor, AC, Wi-Fi gratis, kursi bayi tersedia, area bebas rokok","Makanannya enak banget, bumbu meresap sempurna. Tempat bersih, parkir gampang, harga sesuai kualitas. Udah coba beberapa menu, semua memuaskan. Rekomen banget buat yang mau kulineran di sini."
Carenza Coffee and Resto,Pringsewu,Kuliner,4.7,84,30000,2223,"Parkir gratis, toilet, area makan terbuka dengan pemandangan alam, spot foto instagramable, Wi-Fi, kursi outdoor","Cocok banget buat makan siang keluarga. Banyak pilihan menu, dari yang pedas sampai tidak pedas ada. Porsinya pas, tidak terlalu kecil. Harganya juga friendly. Tempatnya adem, ada AC juga."
Saung Kringkrong,Pringsewu,Kuliner,4.5,202,25000,1394,"Parkir gratis, toilet, area makan terbuka dengan pemandangan alam, spot foto instagramable, Wi-Fi, kursi outdoor","Rasanya autentik dan bikin nagih! Porsinya besar, harganya terjangkau. Pelayanannya ramah dan cepat. Tempatnya bersih dan nyaman. Cocok untuk makan bersama keluarga maupun teman. Pasti akan balik lagi!"
Lesehan Pringsewu,Pringsewu,Kuliner,4.1,696,25000,706,"Parkir luas, toilet bersih, mushola, area makan indoor dan outdoor, AC, Wi-Fi gratis, kursi bayi tersedia, area bebas rokok","Cocok banget buat makan siang keluarga. Banyak pilihan menu, dari yang pedas sampai tidak pedas ada. Porsinya pas, tidak terlalu kecil. Harganya juga friendly. Tempatnya adem, ada AC juga."
Saung bang ocit pringsewu,Pringsewu,Kuliner,4.6,290,30000,1135,"Ruang VIP tersedia, AC, parkir luas, toilet bersih, mushola, kasir digital, menu vegetarian tersedia, katering",Pertama kali coba dan langsung jatuh cinta sama rasanya. Menu beragam dan segar. Pelayan sigap dan friendly. Harga ramah di kantong. Worth it banget! Sudah rekomendasiin ke teman-teman.
BUMI AYU RESTO & CAFE,Pringsewu,Kuliner,4.2,214,30000,1685,"Tempat parkir luas, toilet umum, area makan indoor/outdoor, taman bermain anak, Wi-Fi, live cooking","Sudah langganan di sini bertahun-tahun, konsisten enak. Tidak pernah mengecewakan. Tempat selalu bersih, antrian cepat. Menu favorit saya selalu tersedia. Nggak ada yang bisa ngalahin cita rasanya."
GOLDEN STAR CAFE & RESTO,Lampung Tengah,Kuliner,4.9,53,30000,481,"Tempat parkir luas, toilet umum, area makan indoor/outdoor, taman bermain anak, Wi-Fi, live cooking","Rasanya autentik dan bikin nagih! Porsinya besar, harganya terjangkau. Pelayanannya ramah dan cepat. Tempatnya bersih dan nyaman. Cocok untuk makan bersama keluarga maupun teman. Pasti akan balik lagi!"
Moonbe CafÃ© & Resto,Lampung Tengah,Kuliner,4.3,971,30000,3685,"Parkir luas, toilet bersih, mushola, area makan indoor dan outdoor, AC, Wi-Fi gratis, kursi bayi tersedia, area bebas rokok","Rasanya autentik dan bikin nagih! Porsinya besar, harganya terjangkau. Pelayanannya ramah dan cepat. Tempatnya bersih dan nyaman. Cocok untuk makan bersama keluarga maupun teman. Pasti akan balik lagi!"
Resto Dapur Oren,Lampung Utara,Kuliner,4.6,174,30000,2045,"Area parkir memadai, toilet, wastafel, ruang makan ber-AC, live music setiap akhir pekan, layanan pesan antar","Sudah langganan di sini bertahun-tahun, konsisten enak. Tidak pernah mengecewakan. Tempat selalu bersih, antrian cepat. Menu favorit saya selalu tersedia. Nggak ada yang bisa ngalahin cita rasanya."
YOSH KITCHEN,Lampung Utara,Kuliner,4.6,722,30000,7489,"Area parkir memadai, toilet, wastafel, ruang makan ber-AC, live music setiap akhir pekan, layanan pesan antar","Sudah langganan di sini bertahun-tahun, konsisten enak. Tidak pernah mengecewakan. Tempat selalu bersih, antrian cepat. Menu favorit saya selalu tersedia. Nggak ada yang bisa ngalahin cita rasanya."
Rumah Makan Alam Mutiara,Lampung Selatan,Kuliner,4.1,849,30000,1619,"Parkir, mushola, kamar mandi, area lesehan karpet, meja panjang untuk rombongan, AC, kulkas minuman sendiri","Sudah langganan di sini bertahun-tahun, konsisten enak. Tidak pernah mengecewakan. Tempat selalu bersih, antrian cepat. Menu favorit saya selalu tersedia. Nggak ada yang bisa ngalahin cita rasanya."
Rumah Makan Siang Malam,Lampung Selatan,Kuliner,4,7182,30000,0,"Ruang VIP tersedia, AC, parkir luas, toilet bersih, mushola, kasir digital, menu vegetarian tersedia, katering","Rasanya autentik dan bikin nagih! Porsinya besar, harganya terjangkau. Pelayanannya ramah dan cepat. Tempatnya bersih dan nyaman. Cocok untuk makan bersama keluarga maupun teman. Pasti akan balik lagi!"
RM Pondok Air Panas,Lampung Selatan,Kuliner,4.2,629,30000,0,"Parkir motor & mobil, mushola, kamar mandi bersih, area lesehan, gazebo outdoor, Wi-Fi, paket catering tersedia","Sudah langganan di sini bertahun-tahun, konsisten enak. Tidak pernah mengecewakan. Tempat selalu bersih, antrian cepat. Menu favorit saya selalu tersedia. Nggak ada yang bisa ngalahin cita rasanya."
Randu Resto Lampung,Bandar Lampung,Kuliner,4.6,2070,50000,10500,"Parkir luas, toilet bersih, mushola, area makan indoor dan outdoor, AC, Wi-Fi gratis, kursi bayi tersedia, area bebas rokok","Sudah langganan di sini bertahun-tahun, konsisten enak. Tidak pernah mengecewakan. Tempat selalu bersih, antrian cepat. Menu favorit saya selalu tersedia. Nggak ada yang bisa ngalahin cita rasanya."
Omah Jowo,Bandar Lampung,Kuliner,4.6,347,25000,11200,"Area parkir memadai, toilet, wastafel, ruang makan ber-AC, live music setiap akhir pekan, layanan pesan antar","Rasanya autentik dan bikin nagih! Porsinya besar, harganya terjangkau. Pelayanannya ramah dan cepat. Tempatnya bersih dan nyaman. Cocok untuk makan bersama keluarga maupun teman. Pasti akan balik lagi!"
Sky Garden Cafe and Resto,Bandar Lampung,Kuliner,4.2,530,30000,19800,"Parkir luas, toilet bersih, mushola, area makan indoor dan outdoor, AC, Wi-Fi gratis, kursi bayi tersedia, area bebas rokok","Rasanya autentik dan bikin nagih! Porsinya besar, harganya terjangkau. Pelayanannya ramah dan cepat. Tempatnya bersih dan nyaman. Cocok untuk makan bersama keluarga maupun teman. Pasti akan balik lagi!"
De' Rosse Resto & Cafe,Bandar Lampung,Kuliner,4.5,1474,30000,8058,"Ruang VIP tersedia, AC, parkir luas, toilet bersih, mushola, kasir digital, menu vegetarian tersedia, katering",Pertama kali coba dan langsung jatuh cinta sama rasanya. Menu beragam dan segar. Pelayan sigap dan friendly. Harga ramah di kantong. Worth it banget! Sudah rekomendasiin ke teman-teman.
Marley's Cafe Coffee And Resto,Bandar Lampung,Kuliner,4.5,1357,30000,8248,"Parkir, mushola, kamar mandi, area lesehan karpet, meja panjang untuk rombongan, AC, kulkas minuman sendiri","Cocok banget buat makan siang keluarga. Banyak pilihan menu, dari yang pedas sampai tidak pedas ada. Porsinya pas, tidak terlalu kecil. Harganya juga friendly. Tempatnya adem, ada AC juga."
Kawung Diatas Awan,Bandar Lampung,Kuliner,4.5,515,50000,3924,"Parkir gratis, toilet, area makan terbuka dengan pemandangan alam, spot foto instagramable, Wi-Fi, kursi outdoor","Makanannya enak banget, bumbu meresap sempurna. Tempat bersih, parkir gampang, harga sesuai kualitas. Udah coba beberapa menu, semua memuaskan. Rekomen banget buat yang mau kulineran di sini."
Umah Bone Resto,Bandar Lampung,Kuliner,4.4,541,30000,567,"Ruang VIP tersedia, AC, parkir luas, toilet bersih, mushola, kasir digital, menu vegetarian tersedia, katering","Rasanya autentik dan bikin nagih! Porsinya besar, harganya terjangkau. Pelayanannya ramah dan cepat. Tempatnya bersih dan nyaman. Cocok untuk makan bersama keluarga maupun teman. Pasti akan balik lagi!"
Zozo Garden | Cafe Lampung,Bandar Lampung,Kuliner,4.9,8251,50000,16873,"Ruang VIP tersedia, AC, parkir luas, toilet bersih, mushola, kasir digital, menu vegetarian tersedia, katering","makanannya juara, vibes-nya cozy, pelayanan top!"
Kampung Kecil Lampung,Bandar Lampung,Kuliner,4.8,5487,25000,13611,"Parkir, mushola, kamar mandi, area lesehan karpet, meja panjang untuk rombongan, AC, kulkas minuman sendiri",Wort id banget sih untuk food and The atmosphere
"Sambal Bakar Indonesia, Diponegoro, Bandar Lampung",Bandar Lampung,Kuliner,4.8,4552,25000,10359,"Ruang VIP tersedia, AC, parkir luas, toilet bersih, mushola, kasir digital, menu vegetarian tersedia, katering","Tempatnya nyaman, bersih, dan makanannya enak-enak"
Randu Resto Lampung,Bandar Lampung,Kuliner,4.6,2071,50000,7557,"Area parkir memadai, toilet, wastafel, ruang makan ber-AC, live music setiap akhir pekan, layanan pesan antar","Makanan enak, ada live musik, dan view nya keren banget"
Platinum Resto & Cafe - Lampung City Mal,Bandar Lampung,Kuliner,4.8,424,50000,3106,"Parkir, mushola, kamar mandi, area lesehan karpet, meja panjang untuk rombongan, AC, kulkas minuman sendiri","Makanannya enak enak, menu nya ada banyak, service nya juga oke bangettðŸ¥°ðŸ’ž"
WaHaHa Seafood,Bandar Lampung,Kuliner,4.9,8208,30000,22432,"Ruang VIP tersedia, AC, parkir luas, toilet bersih, mushola, kasir digital, menu vegetarian tersedia, katering","bagus tempatnya enak, makanannya enak, bisa dapet free dessert jugaðŸ«¶ðŸ»"
Kampung Kecil,Bandar Lampung,Kuliner,4.9,10472,100000,23202,"Parkir gratis, toilet, area makan terbuka dengan pemandangan alam, spot foto instagramable, Wi-Fi, kursi outdoor","tempatnya asri, makanan enak, ambience ok banget, apalagi servicenya."
Kinar Resto,Bandar Lampung,Kuliner,4.6,2895,25000,5615,"Parkir gratis, toilet, area makan terbuka dengan pemandangan alam, spot foto instagramable, Wi-Fi, kursi outdoor","Rekomen banget, tempatnya sejuk enak, makanannya enak banget dan murah."
Lamban Sabah Resto,Bandar Lampung,Kuliner,4.7,1126,50000,9924,"Parkir gratis, toilet, area makan terbuka dengan pemandangan alam, spot foto instagramable, Wi-Fi, kursi outdoor",Tempat makannya nyaman dan makanannya enak-enak dengan rasa yang khas.
Kana Brasserie,Bandar Lampung,Kuliner,4.5,529,25000,8574,"Parkir motor & mobil, mushola, kamar mandi bersih, area lesehan, gazebo outdoor, Wi-Fi, paket catering tersedia","makanan nya enak, service dan atmosphere nya juga ga kalah top"
"Onago Kitchen, Lampung City Mall",Bandar Lampung,Kuliner,4.9,1731,50000,7552,"Parkir, mushola, kamar mandi, area lesehan karpet, meja panjang untuk rombongan, AC, kulkas minuman sendiri","makanannya enak, ambience nya
 nyaman, worth every penny"
Begadang Resto Convention Hall,Bandar Lampung,Kuliner,4.7,801,30000,5547,"Ruang VIP tersedia, AC, parkir luas, toilet bersih, mushola, kasir digital, menu vegetarian tersedia, katering",Menu favorite is daging cincang & udang semi lobster...must tryðŸ‘ðŸ»
WaHaHa Korean BBQ,Bandar Lampung,Kuliner,4.9,2147,30000,6527,"Parkir gratis, toilet, area makan terbuka dengan pemandangan alam, spot foto instagramable, Wi-Fi, kursi outdoor","ambience nya bagus, dagingnya premium enakk"
Rumah Makan New LG Pahoman,Bandar Lampung,Kuliner,4.5,4428,30000,8514,"Parkir motor & mobil, mushola, kamar mandi bersih, area lesehan, gazebo outdoor, Wi-Fi, paket catering tersedia","Nasi bakarnya baik ayam, cumi, dan lain-lain jujur enak banget."
Jumbo SeaFood,Bandar Lampung,Kuliner,4.5,5938,30000,4674,"Ruang VIP tersedia, AC, parkir luas, toilet bersih, mushola, kasir digital, menu vegetarian tersedia, katering",Di
RM Saung Desa,Bandar Lampung,Kuliner,4.5,1896,30000,4519,"Ruang VIP tersedia, AC, parkir luas, toilet bersih, mushola, kasir digital, menu vegetarian tersedia, katering",Tempatnya santai nyaman suasana cozy makanan enak pelayanan bagus
D'Seafood brother lampung 3,Bandar Lampung,Kuliner,4.5,373,30000,9224,"Parkir luas, toilet bersih, mushola, area makan indoor dan outdoor, AC, Wi-Fi gratis, kursi bayi tersedia, area bebas rokok","Tempatnya nyaman banget , makannya enak harganya terjangkau"
Shabu Kitchen,Bandar Lampung,Kuliner,4.8,3830,30000,4584,"Ruang VIP tersedia, AC, parkir luas, toilet bersih, mushola, kasir digital, menu vegetarian tersedia, katering","Kuahnya gurih, daging dan sayurannya fresh, pilihan menunya juga lengkap."
De' Rosse Resto & Cafe,Bandar Lampung,Kuliner,4.5,1474,25000,8881,"Tempat parkir luas, toilet umum, area makan indoor/outdoor, taman bermain anak, Wi-Fi, live cooking",Menu-nya beragam dan harganya affordable
Kampoeng Bamboe Restoran dan Homestay,Bandar Lampung,Kuliner,4.4,2771,25000,8635,"Parkir luas, toilet bersih, mushola, area makan indoor dan outdoor, AC, Wi-Fi gratis, kursi bayi tersedia, area bebas rokok","Menu nya enakk.... penyajian nya bersih rapih, pelayanan nya baik ..."
WaHaHa Korean BBQ,Bandar Lampung,Kuliner,4.9,2147,30000,7333,"Parkir, mushola, kamar mandi, area lesehan karpet, meja panjang untuk rombongan, AC, kulkas minuman sendiri","ambience nya bagus, dagingnya premium enakk"
D'Seafood brother lampung 3,Bandar Lampung,Kuliner,4.5,373,30000,3711,"Area parkir memadai, toilet, wastafel, ruang makan ber-AC, live music setiap akhir pekan, layanan pesan antar","Tempatnya nyaman banget , makannya enak harganya terjangkau"
Umah Bone Resto,Bandar Lampung,Kuliner,4.4,541,30000,10527,"Tempat parkir luas, toilet umum, area makan indoor/outdoor, taman bermain anak, Wi-Fi, live cooking",Makanan enak pelayanan nya baik dan ramah ruangannya bersih dan sejuk
Alas Cobek - Restoran Keluarga & Nasi Kotak,Bandar Lampung,Kuliner,4.6,1194,30000,11785,"Area parkir memadai, toilet, wastafel, ruang makan ber-AC, live music setiap akhir pekan, layanan pesan antar","Recomended banget, enak banget makan disini, pelayanannya juga enak"
Restaurant The Square Lampung,Bandar Lampung,Kuliner,4.3,42,30000,1311,"Parkir motor & mobil, mushola, kamar mandi bersih, area lesehan, gazebo outdoor, Wi-Fi, paket catering tersedia",Enak Dan Bersih
The Summit Bistro,Bandar Lampung,Kuliner,4.5,1332,30000,9201,"Tempat parkir luas, toilet umum, area makan indoor/outdoor, taman bermain anak, Wi-Fi, live cooking","Menu makanan bervariasi, rasanya enak dan harga cukup affordable."
Shabu Kitchen,Bandar Lampung,Kuliner,4.8,3829,30000,4291,"Parkir luas, toilet bersih, mushola, area makan indoor dan outdoor, AC, Wi-Fi gratis, kursi bayi tersedia, area bebas rokok","Kuahnya gurih, daging dan sayurannya fresh, pilihan menunya juga lengkap."
Pandan Wangi Restaurant,Bandar Lampung,Kuliner,4.3,80,30000,3061,"Area parkir memadai, toilet, wastafel, ruang makan ber-AC, live music setiap akhir pekan, layanan pesan antar",Mantab....kesukaan bocil ice cream
Khuailok Malahayati,Bandar Lampung,Kuliner,4.5,526,30000,7803,"Area parkir memadai, toilet, wastafel, ruang makan ber-AC, live music setiap akhir pekan, layanan pesan antar","Butter crab, udang mayones nya juara banget dari fresh dan rasa."
RM. KHUAILOK (APHEN),Bandar Lampung,Kuliner,4.9,208,50000,8925,"Area parkir memadai, toilet, wastafel, ruang makan ber-AC, live music setiap akhir pekan, layanan pesan antar",menu nya bervariasi dan enak.. harga relatif
Sambal Seruit Buk Lin Pahoman,Bandar Lampung,Kuliner,4.6,2480,25000,6150,"Ruang VIP tersedia, AC, parkir luas, toilet bersih, mushola, kasir digital, menu vegetarian tersedia, katering","Nasi ayam bakarnya enak, lembut dan bumbu nya terasa."
Flamboyant Restaurant,Bandar Lampung,Kuliner,4.9,31,30000,4139,"Parkir luas, toilet bersih, mushola, area makan indoor dan outdoor, AC, Wi-Fi gratis, kursi bayi tersedia, area bebas rokok",Makan enak banyak pilihan menu dah pelayanan baik staff ramah
RM. Mbok Wito Palapa,Bandar Lampung,Kuliner,4.5,2729,30000,3750,"Area parkir memadai, toilet, wastafel, ruang makan ber-AC, live music setiap akhir pekan, layanan pesan antar","Banyak menu, nyaman, parkir luas, bersih, higienis"
Griya Liwet,Bandar Lampung,Kuliner,4.4,1313,30000,6733,"Parkir luas, toilet bersih, mushola, area makan indoor dan outdoor, AC, Wi-Fi gratis, kursi bayi tersedia, area bebas rokok","Tempat bagus, makanan enak, ada live music, parkir luas"
Kimukatsu Lampung City Mall,Bandar Lampung,Kuliner,5,3546,50000,22665,"Parkir gratis, toilet, area makan terbuka dengan pemandangan alam, spot foto instagramable, Wi-Fi, kursi outdoor","Tempat nyaman, service bangus banget, makanan enak"
Marugame Udon Lampung City Mall,Bandar Lampung,Kuliner,4.7,584,30000,7741,"Parkir gratis, toilet, area makan terbuka dengan pemandangan alam, spot foto instagramable, Wi-Fi, kursi outdoor","tempat bersih dan nyaman, makanan enak dan pelayanan oke banget."
My Kopi O! Lampung City Mall,Bandar Lampung,Kuliner,4.9,714,50000,4307,"Tempat parkir luas, toilet umum, area makan indoor/outdoor, taman bermain anak, Wi-Fi, live cooking","Ambience nya cozy, staffnya ramah, dan makanannya enak ðŸ‘ðŸ‘ðŸ‘ðŸ‘"
Rumah Makan Yen Fa,Bandar Lampung,Kuliner,4.4,521,25000,6814,"Ruang VIP tersedia, AC, parkir luas, toilet bersih, mushola, kasir digital, menu vegetarian tersedia, katering","Makanan enak, harganya reasonable, tempat nya rada kecil"
Omah Jowo Bandar Lampung,Bandar Lampung,Kuliner,4.6,347,25000,4654,"Parkir gratis, toilet, area makan terbuka dengan pemandangan alam, spot foto instagramable, Wi-Fi, kursi outdoor","Makanan enak, terutama nasi biru, lauk ayam dan seafoodnya."
Restoran Moro Seneng,Bandar Lampung,Kuliner,4.5,336,50000,9227,"Parkir motor & mobil, mushola, kamar mandi bersih, area lesehan, gazebo outdoor, Wi-Fi, paket catering tersedia",Masakannya enak2 bumbunya terasa pas.
Restoran Pondok Rempah,Bandar Lampung,Kuliner,4.8,205,50000,7554,"Parkir luas, toilet bersih, mushola, area makan indoor dan outdoor, AC, Wi-Fi gratis, kursi bayi tersedia, area bebas rokok","Makanannya enak banget, tempatnya luas, ada full ac dan outdoor."
Jukung Vietnam Resto,Bandar Lampung,Kuliner,4.8,674,30000,10428,"Area parkir memadai, toilet, wastafel, ruang makan ber-AC, live music setiap akhir pekan, layanan pesan antar","Bersih, nyaman, makan minum enak, view pemandangan indah."
Kawung Diatas Awan,Bandar Lampung,Kuliner,4.5,515,100000,8977,"Parkir motor & mobil, mushola, kamar mandi bersih, area lesehan, gazebo outdoor, Wi-Fi, paket catering tersedia","Nyobain sate ayam 8.5/10, nasi jeruk cajun beef 8.5/10, soto daging 8/10."
Pondok Nelayan Lempasing,Bandar Lampung,Kuliner,4.6,829,25000,5664,"Tempat parkir luas, toilet umum, area makan indoor/outdoor, taman bermain anak, Wi-Fi, live cooking","Makanannya enak-enak, bumbunya benar2 terasa dan harganya OK"
X.O Suki Signature,Bandar Lampung,Kuliner,4.5,842,50000,9065,"Parkir motor & mobil, mushola, kamar mandi bersih, area lesehan, gazebo outdoor, Wi-Fi, paket catering tersedia","Makanannya enak, beragam dan affordable."
RM AKA Express,Bandar Lampung,Kuliner,4.4,1840,25000,8820,"Tempat parkir luas, toilet umum, area makan indoor/outdoor, taman bermain anak, Wi-Fi, live cooking","Untuk rasa cukup enak, harga standar"
Taman Santap Rumah kayu,Bandar Lampung,Kuliner,4.5,1732,50000,6432,"Parkir, mushola, kamar mandi, area lesehan karpet, meja panjang untuk rombongan, AC, kulkas minuman sendiri","Makanan enak, Live music, tempat nyaman untuk keluarga & bisnis"
Rumah Makan Bebek Kebon Jati,Bandar Lampung,Kuliner,4.6,525,30000,7374,"Parkir gratis, toilet, area makan terbuka dengan pemandangan alam, spot foto instagramable, Wi-Fi, kursi outdoor",makanannya enak enak menunya banyak dan harganya murah banget
Mie Khodon,Bandar Lampung,Kuliner,4.5,728,30000,4169,"Parkir luas, toilet bersih, mushola, area makan indoor dan outdoor, AC, Wi-Fi gratis, kursi bayi tersedia, area bebas rokok","Mie rebusnya enak, mie nyemeknya enak, mie gorengnya juga enak."
Bintang 88 Vegetarian,Bandar Lampung,Kuliner,4.8,199,30000,5803,"Tempat parkir luas, toilet umum, area makan indoor/outdoor, taman bermain anak, Wi-Fi, live cooking",Makanan vegetarian paling enak yang saya temui di sini.
RM. Khong Lok (RM. Sehat),Bandar Lampung,Kuliner,4.4,131,30000,11751,"Area parkir memadai, toilet, wastafel, ruang makan ber-AC, live music setiap akhir pekan, layanan pesan antar","Lomienya enakk, harganya sedeng."
Platinum Grill Lampung City Mall,Bandar Lampung,Kuliner,4.3,96,30000,3786,"Parkir motor & mobil, mushola, kamar mandi bersih, area lesehan, gazebo outdoor, Wi-Fi, paket catering tersedia","dibanding steak yang disebelahnya, rekomendasi kesini pastinya."
Hang Dihi,Bandar Lampung,Kuliner,4.2,1141,30000,1802,"Parkir, mushola, kamar mandi, area lesehan karpet, meja panjang untuk rombongan, AC, kulkas minuman sendiri","Ayamnya empuk, sambalnya nagih, dan tempatnya bersih."
RM. Mbok Wito Way Halim,Bandar Lampung,Kuliner,4.4,4935,30000,5677,"Parkir, mushola, kamar mandi, area lesehan karpet, meja panjang untuk rombongan, AC, kulkas minuman sendiri","Rekomendasi Makanan : Ayam Goreng Sambel Terasi
 Pokoknya harus coba."
Warteg Bahari,Bandar Lampung,Kuliner,4.5,89,25000,10573,"Tempat parkir luas, toilet umum, area makan indoor/outdoor, taman bermain anak, Wi-Fi, live cooking",Murah dan lumayan enak
HokBen Lampung City Mall,Bandar Lampung,Kuliner,4.8,272,25000,9216,"Ruang VIP tersedia, AC, parkir luas, toilet bersih, mushola, kasir digital, menu vegetarian tersedia, katering","Makanan nya enak, tempat nya bersih dan nyaman, pelayanannya ramah"
Pempek 123,Bandar Lampung,Kuliner,4.4,1122,30000,7422,"Tempat parkir luas, toilet umum, area makan indoor/outdoor, taman bermain anak, Wi-Fi, live cooking","Model nya juga enak, kuahnya segar dan berasa kaldunya."
Kantin Permata / Permata Kue,Bandar Lampung,Kuliner,4.4,390,30000,6598,"Parkir, mushola, kamar mandi, area lesehan karpet, meja panjang untuk rombongan, AC, kulkas minuman sendiri","Makanan rumahan dengan rasa yang enak, banyak variasi menunya dan fresh."
Ayam Penyet Surabaya Way Halim,Bandar Lampung,Kuliner,4.4,1820,30000,8313,"Area parkir memadai, toilet, wastafel, ruang makan ber-AC, live music setiap akhir pekan, layanan pesan antar","Tempat luas dan nyaman banget, menunya enak, cocok buat makan bersama."
Ayam Guling Enakko Pasar Ambon Lampung,Bandar Lampung,Kuliner,4.5,26,30000,3916,"Parkir gratis, toilet, area makan terbuka dengan pemandangan alam, spot foto instagramable, Wi-Fi, kursi outdoor",Enak ayam panggangnya mantap dðŸ‘ðŸ‘ðŸ‘
Bakmie Karet Cia,Bandar Lampung,Kuliner,4.7,56,30000,6752,"Parkir luas, toilet bersih, mushola, area makan indoor dan outdoor, AC, Wi-Fi gratis, kursi bayi tersedia, area bebas rokok","Untuk suasana sih enak banget, makan bakmi dengan tenang haha."
Gunung Nago,Bandar Lampung,Kuliner,4.6,20,30000,3525,"Ruang VIP tersedia, AC, parkir luas, toilet bersih, mushola, kasir digital, menu vegetarian tersedia, katering",Makan di tempat
Burger Tiarul,Bandar Lampung,Kuliner,4.8,84,30000,8168,"Area parkir memadai, toilet, wastafel, ruang makan ber-AC, live music setiap akhir pekan, layanan pesan antar",Roti burger nya lembut patty nya enak dan harga murah saus berlimpah.
A.I.D ALA CAFE RESTO,Bandar Lampung,Kuliner,5,1,30000,9572,"Tempat parkir luas, toilet umum, area makan indoor/outdoor, taman bermain anak, Wi-Fi, live cooking","Makanannya enak banget, bumbu meresap sempurna. Tempat bersih, parkir gampang, harga sesuai kualitas. Udah coba beberapa menu, semua memuaskan. Rekomen banget buat yang mau kulineran di sini."
Bakso Son Haji Sony 1,Bandar Lampung,Kuliner,4.2,11409,30000,14386,"Area parkir memadai, toilet, wastafel, ruang makan ber-AC, live music setiap akhir pekan, layanan pesan antar","Bakso enak, berdaging , makan baksonya aja bikin kenyang, isi 6 bakso."
RM Tuah Sakato,Bandar Lampung,Kuliner,4.4,539,50000,4084,"Parkir motor & mobil, mushola, kamar mandi bersih, area lesehan, gazebo outdoor, Wi-Fi, paket catering tersedia","rasa nya enak, harga nya murah,."
A&W Lampung City Mall,Bandar Lampung,Kuliner,4.5,122,25000,6456,"Parkir, mushola, kamar mandi, area lesehan karpet, meja panjang untuk rombongan, AC, kulkas minuman sendiri","Tempatnya nyaman untuk keluarga, pelayananya baik
 Makannya enak"
Rumah Makan Baraya Khas Sunda,Bandar Lampung,Kuliner,4.3,6,30000,3123,"Area parkir memadai, toilet, wastafel, ruang makan ber-AC, live music setiap akhir pekan, layanan pesan antar",Makan di tempat
Woow Seafood Bandar Lampung,Bandar Lampung,Kuliner,5,4,30000,8155,"Parkir luas, toilet bersih, mushola, area makan indoor dan outdoor, AC, Wi-Fi gratis, kursi bayi tersedia, area bebas rokok",Makan di tempat
Sukacita Veggie,Bandar Lampung,Kuliner,4.7,40,30000,6483,"Parkir luas, toilet bersih, mushola, area makan indoor dan outdoor, AC, Wi-Fi gratis, kursi bayi tersedia, area bebas rokok",Mencari menu makanan Vegan dan Vegetarian?
Coto Makassar and Konro Daeng KAR,Bandar Lampung,Kuliner,5,21,50000,11179,"Area parkir memadai, toilet, wastafel, ruang makan ber-AC, live music setiap akhir pekan, layanan pesan antar","Harga 25ribu bisa pakai ketupat atau nasi, mantap"
Golden Hen,Bandar Lampung,Kuliner,4.8,13,30000,9482,"Parkir, mushola, kamar mandi, area lesehan karpet, meja panjang untuk rombongan, AC, kulkas minuman sendiri","Selain ayam disini juga menjual kebab, burger, cane, dan moctail."
Steak 36 Bandar Lampung,Bandar Lampung,Kuliner,5,2,50000,10517,"Parkir motor & mobil, mushola, kamar mandi bersih, area lesehan, gazebo outdoor, Wi-Fi, paket catering tersedia","daging ayam nya juicy bgt, sausnya ga pelit dan kentangnya jg banyak."
Seblak Teh Tiny,Bandar Lampung,Kuliner,4.8,21,25000,5340,"Ruang VIP tersedia, AC, parkir luas, toilet bersih, mushola, kasir digital, menu vegetarian tersedia, katering",Murah bisa deliv dan rasa nya seblaknya enakk bgtt rekomen buat kliann.
Mie Ayam Koga,Bandar Lampung,Kuliner,4.2,1777,25000,1884,"Tempat parkir luas, toilet umum, area makan indoor/outdoor, taman bermain anak, Wi-Fi, live cooking",Kenyang banget makan 1 mangkok mie ayam + minum.
Sop dan Soto Betawi Bang Nadi II,Bandar Lampung,Kuliner,4.6,56,50000,5287,"Parkir, mushola, kamar mandi, area lesehan karpet, meja panjang untuk rombongan, AC, kulkas minuman sendiri","soto nya enak
 cita rasa yang khas
 tapi harga sedikit lebih mahal"
RUMAH MAKAN SEDERHANA,Bandar Lampung,Kuliner,4.4,217,50000,7040,"Ruang VIP tersedia, AC, parkir luas, toilet bersih, mushola, kasir digital, menu vegetarian tersedia, katering","Rekomen ayam bakar, rendang, kikil cabe ijo nya empuk sedepp."
winx_snack,Bandar Lampung,Kuliner,4.7,12,30000,11830,"Parkir motor & mobil, mushola, kamar mandi bersih, area lesehan, gazebo outdoor, Wi-Fi, paket catering tersedia",Pudingnya selalu segerr
"Bubur Ayam Priyangan,RE Martadinata",Bandar Lampung,Kuliner,4.8,79,100000,7304,"Parkir gratis, toilet, area makan terbuka dengan pemandangan alam, spot foto instagramable, Wi-Fi, kursi outdoor",Makan di tempat
Sea Food Mandiri,Bandar Lampung,Kuliner,4.2,15,25000,3859,"Parkir luas, toilet bersih, mushola, area makan indoor dan outdoor, AC, Wi-Fi gratis, kursi bayi tersedia, area bebas rokok",Makanannya enak-enak dan pelayanannya juga oke.
Nasi Uduk Umbul Salak,Bandar Lampung,Kuliner,4.5,128,50000,10019,"Parkir gratis, toilet, area makan terbuka dengan pemandangan alam, spot foto instagramable, Wi-Fi, kursi outdoor","Nasi nya tapi terlalu keras kalo menurut saya, tapi overall enakkk"
pempek NORI,Bandar Lampung,Kuliner,4.6,574,25000,9543,"Tempat parkir luas, toilet umum, area makan indoor/outdoor, taman bermain anak, Wi-Fi, live cooking",Tempatnya nyaman buat dine in dan bisa frozen buat dibawa pulang.
FRESQA Bistro Lampung,Bandar Lampung,Kuliner,4.5,12,50000,8930,"Parkir motor & mobil, mushola, kamar mandi bersih, area lesehan, gazebo outdoor, Wi-Fi, paket catering tersedia","Tempatnya nyaman ,ada live musik dimalam Minggu ,menu makannya mantap"
Rumah Makan Sari Rasa,Bandar Lampung,Kuliner,4.6,209,30000,6593,"Tempat parkir luas, toilet umum, area makan indoor/outdoor, taman bermain anak, Wi-Fi, live cooking","Fasilitas cukup bagus, ada toilet, wastafel, meja makan putar."
Mie Lampung 1,Bandar Lampung,Kuliner,4.5,1,30000,5266,"Parkir gratis, toilet, area makan terbuka dengan pemandangan alam, spot foto instagramable, Wi-Fi, kursi outdoor",Makan di tempat
Tempat makan,Bandar Lampung,Kuliner,4,103,30000,2887,"Parkir motor & mobil, mushola, kamar mandi bersih, area lesehan, gazebo outdoor, Wi-Fi, paket catering tersedia","Ayam bakar, sayur asam, sambal matah enak..."
Ayam Bakar Ratu,Bandar Lampung,Kuliner,4.6,7,30000,11085,"Ruang VIP tersedia, AC, parkir luas, toilet bersih, mushola, kasir digital, menu vegetarian tersedia, katering","Makanannya enak, ikan bakarnya rekomended."
Ikan Bakar Pinisi,Bandar Lampung,Kuliner,5,10,30000,4489,"Ruang VIP tersedia, AC, parkir luas, toilet bersih, mushola, kasir digital, menu vegetarian tersedia, katering",Makan di tempat
Lelang Ikan Lampung,Bandar Lampung,Kuliner,4.6,43,30000,3771,"Parkir gratis, toilet, area makan terbuka dengan pemandangan alam, spot foto instagramable, Wi-Fi, kursi outdoor",Ayam bakar dan sambelnya joss
Ayam bakar mas gendut,Bandar Lampung,Kuliner,4.3,10,30000,1249,"Parkir gratis, toilet, area makan terbuka dengan pemandangan alam, spot foto instagramable, Wi-Fi, kursi outdoor",Sya sering mampir dan beli cimol buat anak saya
cimol bang estu,Bandar Lampung,Kuliner,4.8,238,25000,5504,"Parkir luas, toilet bersih, mushola, area makan indoor dan outdoor, AC, Wi-Fi gratis, kursi bayi tersedia, area bebas rokok","Tempat standart, bersih, pelayanan juga ok."
Pempek Judes,Bandar Lampung,Kuliner,4.5,161,25000,5621,"Ruang VIP tersedia, AC, parkir luas, toilet bersih, mushola, kasir digital, menu vegetarian tersedia, katering","Untuk bakso nya lumayan enak, pelayanan oke."
Bakso Eki 2,Bandar Lampung,Kuliner,4.4,116,30000,9916,"Parkir luas, toilet bersih, mushola, area makan indoor dan outdoor, AC, Wi-Fi gratis, kursi bayi tersedia, area bebas rokok","Ada bakso beranak, bakso tumpeng, bakso urat, dll."
bakso murni,Bandar Lampung,Kuliner,4.5,127,30000,4040,"Parkir gratis, toilet, area makan terbuka dengan pemandangan alam, spot foto instagramable, Wi-Fi, kursi outdoor","sate ayam 10 tusuk 22ribu rupiah, lontong 1 3rb,
 plus ppn 10%."
Warung Sate Hi M Achmadi Malik,Bandar Lampung,Kuliner,4.3,28,30000,2376,"Tempat parkir luas, toilet umum, area makan indoor/outdoor, taman bermain anak, Wi-Fi, live cooking","Nasi uduknya gurih, ayam Gorengnya enakk ngeresep"
Nasi uduk tanjung jati,Bandar Lampung,Kuliner,4.7,4711,30000,9252,"Parkir motor & mobil, mushola, kamar mandi bersih, area lesehan, gazebo outdoor, Wi-Fi, paket catering tersedia","Tempat nya bagus, makanan nya enak dan pelayanannya super baik"
Pizza Hut Restoran,Bandar Lampung,Kuliner,4.6,44,30000,10668,"Ruang VIP tersedia, AC, parkir luas, toilet bersih, mushola, kasir digital, menu vegetarian tersedia, katering",Mantap sambel dan sayur asemnya ..trims
Pecel Lele Mbak Rina,Bandar Lampung,Kuliner,3.9,100,30000,2967,"Parkir motor & mobil, mushola, kamar mandi bersih, area lesehan, gazebo outdoor, Wi-Fi, paket catering tersedia","Sop daging & kikilnya enak.,kuahnya berasa bumbunya."
Bang Icang (Sop Kaki Sapi),Bandar Lampung,Kuliner,4.6,579,30000,7119,"Parkir luas, toilet bersih, mushola, area makan indoor dan outdoor, AC, Wi-Fi gratis, kursi bayi tersedia, area bebas rokok",Makan ditempat kuah masih fanaz itu itu sulit tergantikan
Warung Makan Dea,Bandar Lampung,Kuliner,4.5,26,30000,3188,"Parkir luas, toilet bersih, mushola, area makan indoor dan outdoor, AC, Wi-Fi gratis, kursi bayi tersedia, area bebas rokok",Bakso enak dan disajikan secara baik cukup memuaskan selera
Bakso Latif,Bandar Lampung,Kuliner,4.4,16,30000,4876,"Area parkir memadai, toilet, wastafel, ruang makan ber-AC, live music setiap akhir pekan, layanan pesan antar","Pempek ny mantuk, kerasa banget ikan nya."
Pempek DMI,Bandar Lampung,Kuliner,4.8,109,50000,11797,"Tempat parkir luas, toilet umum, area makan indoor/outdoor, taman bermain anak, Wi-Fi, live cooking","Mie nya mantab , porsi jumbo dan kuah nya segar"
Mie Anugerah ( Ko Dendi) Khas Bangka,Bandar Lampung,Kuliner,4.8,7,25000,7371,"Parkir, mushola, kamar mandi, area lesehan karpet, meja panjang untuk rombongan, AC, kulkas minuman sendiri",Murah meriah kantong pelajar bngt
"Mbok Yam Resto nasi bakar,nasi goreng,ayam geprek,mie kwetiau & Tek Tek dll",Bandar Lampung,Kuliner,4.9,20,30000,8573,"Parkir, mushola, kamar mandi, area lesehan karpet, meja panjang untuk rombongan, AC, kulkas minuman sendiri",Bawa pulang
Martabak Bangka RR Manis & Telur,Bandar Lampung,Kuliner,5,3,30000,4827,"Ruang VIP tersedia, AC, parkir luas, toilet bersih, mushola, kasir digital, menu vegetarian tersedia, katering",Es teller ngasih nangka nya gak pelit .
EsBoss88,Bandar Lampung,Kuliner,5,1909,30000,7808,"Ruang VIP tersedia, AC, parkir luas, toilet bersih, mushola, kasir digital, menu vegetarian tersedia, katering","Makanannya enak,harga nya juga pas ga terlalu mahal."
Bakso dan Mie Ayam Son Haji Sony VI,Bandar Lampung,Kuliner,4.3,423,50000,2580,"Parkir luas, toilet bersih, mushola, area makan indoor dan outdoor, AC, Wi-Fi gratis, kursi bayi tersedia, area bebas rokok","bakso nya enak, tipe2 bakso halus, tempatnya nyaman pagi2 dah buka"
Bakso Upil,Bandar Lampung,Kuliner,4.6,2,30000,5591,"Parkir, mushola, kamar mandi, area lesehan karpet, meja panjang untuk rombongan, AC, kulkas minuman sendiri",Makan di tempat
Barokah fried chicken 3,Bandar Lampung,Kuliner,5,16,50000,10433,"Tempat parkir luas, toilet umum, area makan indoor/outdoor, taman bermain anak, Wi-Fi, live cooking","Makanannya enak enak
 Pelayanannya ramah banget
 Pokoknya rekomen bgt ðŸ‘ðŸ‘ðŸ‘ðŸ‘ðŸ‘"
JAJANAN URANG,Bandar Lampung,Kuliner,5,19,25000,3053,"Parkir, mushola, kamar mandi, area lesehan karpet, meja panjang untuk rombongan, AC, kulkas minuman sendiri",Makan di tempat
Mie Tek-Tek Iwan,Bandar Lampung,Kuliner,4.8,36,25000,7315,"Parkir motor & mobil, mushola, kamar mandi bersih, area lesehan, gazebo outdoor, Wi-Fi, paket catering tersedia",enakk bangett ih nagih
Pempek Teh Tika,Bandar Lampung,Kuliner,5,35,10000,0,Area Parkir. Warung kecil. Spot Foto,Makanannya enak enak
Holiday Inn Lampung Bukit Randu,Bandar Lampung,Kuliner,4.6,12,50000,5927,"Parkir luas, toilet bersih, mushola, area makan indoor dan outdoor, AC, Wi-Fi gratis, kursi bayi tersedia, area bebas rokok","Coba pesen ramen lama bgt, buset lama pake banget"
Moresto Dimsum & Kitchen - Lampung City Mall,Bandar Lampung,Kuliner,2,162,30000,619,"Parkir, mushola, kamar mandi, area lesehan karpet, meja panjang untuk rombongan, AC, kulkas minuman sendiri","Rasanya enak, harga terjangkau, tempatnya bersih dan nyaman"
Pempek Betty,Bandar Lampung,Kuliner,4.5,118,100000,4743,"Parkir, mushola, kamar mandi, area lesehan karpet, meja panjang untuk rombongan, AC, kulkas minuman sendiri",Super enak dengan toping komplit.
SOTO SABAR MENANTI,Bandar Lampung,Kuliner,4.6,38,25000,7889,"Area parkir memadai, toilet, wastafel, ruang makan ber-AC, live music setiap akhir pekan, layanan pesan antar",Makan di tempat
Nasi UDUK NYAIK,Bandar Lampung,Kuliner,5,61,50000,11317,"Parkir gratis, toilet, area makan terbuka dengan pemandangan alam, spot foto instagramable, Wi-Fi, kursi outdoor",Dan tetep enak!
Mie Teluk / Rm Teluk,Bandar Lampung,Kuliner,4.5,46,25000,6258,"Ruang VIP tersedia, AC, parkir luas, toilet bersih, mushola, kasir digital, menu vegetarian tersedia, katering","murah
 enak
 halal
 rekomen"
OMA Backyard Gatsu Coffee & Co. | Cafe Lampung,Bandar Lampung,Cafe,4.9,730,50000,5504,"Booth cantik untuk foto, Wi-Fi, AC, parkir motor, kursi ergonomis, stop kontak, menu kopi specialty","kopi nya enak, tempat nya cozy, barista nya asik"
Nuju Coffee & Space | Cafe Lampung,Bandar Lampung,Cafe,4.9,6469,30000,16126,"Cozy corner tersedia, AC, Wi-Fi gratis, charging station, toilet, parkir motor & mobil, snack box untuk takeaway","Tempatnya nyaman, kopi enak, harga terjangkau, dan cocok untuk nongkrong."
WISEMAN: Comfort Garden Cafe Resto Lampung,Bandar Lampung,Cafe,4.4,153,30000,5646,"Suasana estetik, Wi-Fi, spot foto, AC, outdoor area, parkir, delivery via GoFood & GrabFood, menu seasonal",Yang harus diperbaiki adalah kualitas kopinya.
Faste Coffee ( Kopi ) Ahmad Yani | Cafe Kopi Lampung,Bandar Lampung,Cafe,4.8,461,30000,11837,"Sofa nyaman, meja kerja panjang, Wi-Fi 100Mbps, colokan, AC, live acoustic music Jumat-Sabtu, parkir gratis","Good service, cozy ambience."
Zozo Garden | Cafe Lampung,Bandar Lampung,Cafe,4.9,8251,30000,22757,"Area rooftop, Wi-Fi, AC dalam ruangan, outdoor terrace, parkir, toilet bersih, background foto unik","kopinya enak, tempatnya estetik buat fotoâ€, BURUAN GAS NGENGG KESINI ðŸ”¥"
The habits coffee,Bandar Lampung,Cafe,4.7,431,30000,11689,"Cozy corner tersedia, AC, Wi-Fi gratis, charging station, toilet, parkir motor & mobil, snack box untuk takeaway","Tempatnya nyaman, kopinya enak"
Hoffmann Lane,Bandar Lampung,Cafe,4.6,1057,30000,3009,"Booth cantik untuk foto, Wi-Fi, AC, parkir motor, kursi ergonomis, stop kontak, menu kopi specialty",Menu yang dicoba adalah kopi The Genesis dan nasi goreng.
three nine coffee & eatery,Bandar Lampung,Cafe,4.4,148,30000,8310,"Study corner, Wi-Fi 50Mbps, colokan banyak, AC, mushola, parkir, wastafel, menu all-day breakfast","ngopi enak,ambience nya nyaman,buat wfc ok juga"
Skaye Lampung Cafe & Bar,Bandar Lampung,Cafe,4.8,2961,25000,11005,"Cozy corner tersedia, AC, Wi-Fi gratis, charging station, toilet, parkir motor & mobil, snack box untuk takeaway","Hospitalitynya bagus, kopinya enak dan affordable, tempatnya juga nyaman"
The OLIV. Cafe by Double Eight,Bandar Lampung,Cafe,4.9,954,25000,3319,"Wi-Fi kencang, colokan listrik di setiap meja, AC, parkir motor, toilet bersih, menu vegan, outdoor seating","Portuguese egg tart nya endulita, minuman kopi nya juga enak."
Nuju Coffee HQ | Cafe Lampung,Bandar Lampung,Cafe,4.9,6208,30000,11832,"Cozy corner tersedia, AC, Wi-Fi gratis, charging station, toilet, parkir motor & mobil, snack box untuk takeaway","tempatnya cozy banget, kopinya enak banget, pelayanannya ramah sekali"
Nuju Coffee Pahoman | Cafe Lampung,Bandar Lampung,Cafe,4.9,6115,30000,15947,"Suasana estetik, Wi-Fi, spot foto, AC, outdoor area, parkir, delivery via GoFood & GrabFood, menu seasonal","suasana enak banget buat nugas, makanan dan kopi nya enakkk murcee..."
Nnoko Cafe Lampung,Bandar Lampung,Cafe,4.4,333,30000,8038,"Cozy corner tersedia, AC, Wi-Fi gratis, charging station, toilet, parkir motor & mobil, snack box untuk takeaway",menu
Marley's Cafe Coffee And Resto,Bandar Lampung,Cafe,4.5,1357,30000,6923,"Suasana estetik, Wi-Fi, spot foto, AC, outdoor area, parkir, delivery via GoFood & GrabFood, menu seasonal",Suasana yang nyaman untuk santai menikmati secangkir kopi â˜•ðŸ˜ðŸ‘
New Town Coffee,Bandar Lampung,Cafe,4.6,1166,30000,3949,"Suasana estetik, Wi-Fi, spot foto, AC, outdoor area, parkir, delivery via GoFood & GrabFood, menu seasonal","Cafe hits yang tidak hanya mengandalkan tampilan. Rasanya juga ikut naik kelas. Kopi signature-nya unik dan enak. Tempat bersih, musik background pas. Nggak nyesel jauh-jauh ke sini."
Kopi Nako Lampung,Bandar Lampung,Cafe,4.8,2314,30000,6946,"Booth cantik untuk foto, Wi-Fi, AC, parkir motor, kursi ergonomis, stop kontak, menu kopi specialty","cozyy poll makanan dan kopinya enakkkk, playlistnyaaa cakeuuppp"
De' Rosse Resto & Cafe,Bandar Lampung,Cafe,4.5,1474,30000,4290,"Wi-Fi kencang, colokan listrik di setiap meja, AC, parkir motor, toilet bersih, menu vegan, outdoor seating","Suasananya nyaman, bersih, dan estetik."
VION Cafe,Bandar Lampung,Cafe,4.6,361,30000,4403,"Study corner, Wi-Fi 50Mbps, colokan banyak, AC, mushola, parkir, wastafel, menu all-day breakfast","Minuman yang kami coba matcha mouse, matcha latte, dan Americano."
eclatte gourmand - Kedaton,Bandar Lampung,Cafe,4.7,371,30000,10962,"Sofa nyaman, meja kerja panjang, Wi-Fi 100Mbps, colokan, AC, live acoustic music Jumat-Sabtu, parkir gratis","Lokasinya strategis, aesthetic, pas banget buat hangout/nugas/meet kerja."
Sky Garden Cafe and Resto,Bandar Lampung,Cafe,4.2,530,50000,1083,"Suasana estetik, Wi-Fi, spot foto, AC, outdoor area, parkir, delivery via GoFood & GrabFood, menu seasonal",LATTE NYA ENAKK
Liep's Cafe,Bandar Lampung,Cafe,4.5,1783,25000,11727,"Cozy corner tersedia, AC, Wi-Fi gratis, charging station, toilet, parkir motor & mobil, snack box untuk takeaway",Matcha lattenya good.
Lima Kitchen and View,Bandar Lampung,Cafe,4.9,519,30000,5060,"Booth cantik untuk foto, Wi-Fi, AC, parkir motor, kursi ergonomis, stop kontak, menu kopi specialty",Such a good
The Coffee,Bandar Lampung,Cafe,4.5,872,30000,5103,"Cozy corner tersedia, AC, Wi-Fi gratis, charging station, toilet, parkir motor & mobil, snack box untuk takeaway",Minuman kopi ada berbagai macam pilihan.
Mapas Coffee & Eatery,Bandar Lampung,Cafe,4.5,292,30000,10787,"Suasana estetik, Wi-Fi, spot foto, AC, outdoor area, parkir, delivery via GoFood & GrabFood, menu seasonal","Recommended...juga tidak bikin kantong mbledos, live musicnya ..."
faste coffee kedaton,Bandar Lampung,Cafe,4.9,1153,50000,5705,"Booth cantik untuk foto, Wi-Fi, AC, parkir motor, kursi ergonomis, stop kontak, menu kopi specialty","kopi nya enak, barista nya keren, waitress nya josss"
Dijis Kopi Cafe & Resto,Bandar Lampung,Cafe,4.8,189,30000,7342,"Cozy corner tersedia, AC, Wi-Fi gratis, charging station, toilet, parkir motor & mobil, snack box untuk takeaway",Capucino with ice cream vanilla dijis kopi the best harus cobainðŸ˜‹ðŸ˜‹ðŸ˜‹ðŸ˜‹
Maco Cafe & Eatery,Bandar Lampung,Cafe,4.6,223,50000,11645,"Study corner, Wi-Fi 50Mbps, colokan banyak, AC, mushola, parkir, wastafel, menu all-day breakfast",Carbonara dan rice bowl nya enakkk.
Moore Coffee And Pastry,Bandar Lampung,Cafe,4.6,442,25000,9932,"Study corner, Wi-Fi 50Mbps, colokan banyak, AC, mushola, parkir, wastafel, menu all-day breakfast",Kalo untuk rekomendasi kopi creamy itu butterscotch milk
D'Terrace Cafe at Swiss-Belhotel Lampung,Bandar Lampung,Cafe,4.8,53,25000,6470,"Area rooftop, Wi-Fi, AC dalam ruangan, outdoor terrace, parkir, toilet bersih, background foto unik",Tempat nongkrong asik
El's Coffee House,Bandar Lampung,Cafe,4.6,2489,50000,11835,"Wi-Fi kencang, colokan listrik di setiap meja, AC, parkir motor, toilet bersih, menu vegan, outdoor seating","best coffe, makanan minumannya wort it, dan pelayanannya sangat baik"
Cafe Atas Laut,Bandar Lampung,Cafe,4.6,29,50000,6295,"Cozy corner tersedia, AC, Wi-Fi gratis, charging station, toilet, parkir motor & mobil, snack box untuk takeaway","Pas sekali bisa menikmati bulan purnama
 Menu lumayan enak"
Manca Eatery,Bandar Lampung,Cafe,4.4,283,30000,8107,"Wi-Fi kencang, colokan listrik di setiap meja, AC, parkir motor, toilet bersih, menu vegan, outdoor seating","tempatnya nyaman banget buat nongkrong, view nya juga cakep banget"
Faste Coffee Unila | Cafe Lampung,Bandar Lampung,Cafe,4.8,1888,100000,9537,"Suasana estetik, Wi-Fi, spot foto, AC, outdoor area, parkir, delivery via GoFood & GrabFood, menu seasonal","tempat nya enak, kopi enak bgt, murah dan cocok buat nongkrong"
Nuju Coffee Sudirman | Coffee Shop Lampung,Bandar Lampung,Cafe,4.9,981,25000,9118,"Suasana estetik, Wi-Fi, spot foto, AC, outdoor area, parkir, delivery via GoFood & GrabFood, menu seasonal",Enak banget makanan kopi tempatnya bersih banget.
Muara Cafe & Space,Bandar Lampung,Cafe,4.9,486,50000,10177,"Suasana estetik, Wi-Fi, spot foto, AC, outdoor area, parkir, delivery via GoFood & GrabFood, menu seasonal",Cafenya cantik sangat estetik dan bersih ðŸ¥°
Laidback Cafe,Bandar Lampung,Cafe,4.6,279,25000,11479,"Wi-Fi kencang, colokan listrik di setiap meja, AC, parkir motor, toilet bersih, menu vegan, outdoor seating",Enak dan nyaman makn diaini menunya enak kopinya beda dari yang lain
mor Sky Garden Cafe,Bandar Lampung,Cafe,4.5,104,50000,10397,"Study corner, Wi-Fi 50Mbps, colokan banyak, AC, mushola, parkir, wastafel, menu all-day breakfast",Sip tapi sepi
Toko Mansure,Bandar Lampung,Cafe,4.7,285,30000,4982,"Cozy corner tersedia, AC, Wi-Fi gratis, charging station, toilet, parkir motor & mobil, snack box untuk takeaway",Strawberry milk rekomended ðŸ§‹ðŸ§‹ðŸ¸ðŸ§Š
Waroeng Diggers,Bandar Lampung,Cafe,4.3,27,30000,1815,"Study corner, Wi-Fi 50Mbps, colokan banyak, AC, mushola, parkir, wastafel, menu all-day breakfast",Pilihan menunya beragam sekali.
Faste Coffee Signature,Bandar Lampung,Cafe,4.9,2184,30000,6681,"Area rooftop, Wi-Fi, AC dalam ruangan, outdoor terrace, parkir, toilet bersih, background foto unik",Tempatnya cozy banget bagus buat foto2 minuman kopinya enakk
Satu Kata Cafe & Resto,Bandar Lampung,Cafe,4.4,42,30000,4049,"Study corner, Wi-Fi 50Mbps, colokan banyak, AC, mushola, parkir, wastafel, menu all-day breakfast",Tempat nyaman bersih rapi workit lah keren
Sinia Coffee,Bandar Lampung,Cafe,4.7,368,30000,8539,"Wi-Fi kencang, colokan listrik di setiap meja, AC, parkir motor, toilet bersih, menu vegan, outdoor seating",Nice
Fresh drink ar,Bandar Lampung,Cafe,4.4,78,30000,3344,"Booth cantik untuk foto, Wi-Fi, AC, parkir motor, kursi ergonomis, stop kontak, menu kopi specialty",Recommended banget untuk kamu yg suka es dan makanan pedesðŸ˜ðŸ˜ðŸ˜
Mugen Coffee ç„¡é™,Bandar Lampung,Cafe,4.7,61,30000,6770,"Study corner, Wi-Fi 50Mbps, colokan banyak, AC, mushola, parkir, wastafel, menu all-day breakfast","Tempatnya bersih, nyaman, makanan dan minuman enak, pelayanny ramah"
Aditya Coffee & Eatery,Bandar Lampung,Cafe,4.5,251,25000,6608,"Area rooftop, Wi-Fi, AC dalam ruangan, outdoor terrace, parkir, toilet bersih, background foto unik","Tiap menu dipikirkan dengan matang, baik secara rasa dan plating."
Coffee & chill,Bandar Lampung,Cafe,4.8,268,25000,3117,"Cozy corner tersedia, AC, Wi-Fi gratis, charging station, toilet, parkir motor & mobil, snack box untuk takeaway","Good cappucino..
 
 tetaplah jadi"
TONGKRONGAN BURGERBAR ( cafe ),Bandar Lampung,Cafe,4.7,62,30000,4163,"Cozy corner tersedia, AC, Wi-Fi gratis, charging station, toilet, parkir motor & mobil, snack box untuk takeaway",Makan di tempat
Nuju Coffee Rajabasa | Coffee Shop Lampung,Bandar Lampung,Cafe,4.8,1249,30000,3964,"Wi-Fi kencang, colokan listrik di setiap meja, AC, parkir motor, toilet bersih, menu vegan, outdoor seating","Tempatnya bersih, coffeenya enak, nyaman buat nugas"
Panacea Coffee,Bandar Lampung,Cafe,4.4,62,30000,6750,"Sofa nyaman, meja kerja panjang, Wi-Fi 100Mbps, colokan, AC, live acoustic music Jumat-Sabtu, parkir gratis",cafenya tenang enak buat bersantai
24 Degrees,Bandar Lampung,Cafe,4.3,371,30000,1076,"Area rooftop, Wi-Fi, AC dalam ruangan, outdoor terrace, parkir, toilet bersih, background foto unik","Untuk minumannya, yang paling enaknya matcha latte!"
maru house,Bandar Lampung,Cafe,4.6,176,30000,3514,"Suasana estetik, Wi-Fi, spot foto, AC, outdoor area, parkir, delivery via GoFood & GrabFood, menu seasonal",tempatnya sangat nyaman makannya enak minumnya segerr baristaanyaa cakepp
Faste coffee rajabasa,Bandar Lampung,Cafe,4.9,691,30000,8413,"Area rooftop, Wi-Fi, AC dalam ruangan, outdoor terrace, parkir, toilet bersih, background foto unik","Rekomendasi tempat nugas, pelayanan baik + kopi enak"
TUKAMU Coffee & Tea House No. 1,Bandar Lampung,Cafe,4.9,110,30000,4160,"Study corner, Wi-Fi 50Mbps, colokan banyak, AC, mushola, parkir, wastafel, menu all-day breakfast",They brew
Bun kopi Morotai,Bandar Lampung,Cafe,4.9,1888,30000,11423,"Cozy corner tersedia, AC, Wi-Fi gratis, charging station, toilet, parkir motor & mobil, snack box untuk takeaway","Tempatnya nyaman, kopinya enak, WiFinya lancarr"
Kopisudut Bandar Lampung,Bandar Lampung,Cafe,4.6,351,30000,6899,"Booth cantik untuk foto, Wi-Fi, AC, parkir motor, kursi ergonomis, stop kontak, menu kopi specialty","Tempat untuk ngopi,
 Ada menu kopi signature yg enak."
Flipflop Coffee,Bandar Lampung,Cafe,4.4,631,50000,7562,"Cozy corner tersedia, AC, Wi-Fi gratis, charging station, toilet, parkir motor & mobil, snack box untuk takeaway",ð™ð™¡ð™žð™¥ï¿½
Tazza Signature,Bandar Lampung,Cafe,4.3,710,25000,3540,"Study corner, Wi-Fi 50Mbps, colokan banyak, AC, mushola, parkir, wastafel, menu all-day breakfast","Great ambience, nice staff, good food."
The Magnolia Floral Cafe,Bandar Lampung,Cafe,4.4,316,30000,10953,"Wi-Fi kencang, colokan listrik di setiap meja, AC, parkir motor, toilet bersih, menu vegan, outdoor seating","pelayanan nya bagus, seru dan bunganya cantik cantik"
D'jaya House,Bandar Lampung,Cafe,4.5,404,30000,6510,"Sofa nyaman, meja kerja panjang, Wi-Fi 100Mbps, colokan, AC, live acoustic music Jumat-Sabtu, parkir gratis","makanan enak dan murah, kopinya kerasa"
Platinum Resto & Cafe - Lampung City Mal,Bandar Lampung,Cafe,4.8,424,30000,11834,"Suasana estetik, Wi-Fi, spot foto, AC, outdoor area, parkir, delivery via GoFood & GrabFood, menu seasonal","Suasananya juga enak, adem, ada area luar juga buat smoking area."
Thamie,Bandar Lampung,Cafe,4.4,498,50000,5167,"Area rooftop, Wi-Fi, AC dalam ruangan, outdoor terrace, parkir, toilet bersih, background foto unik","Klo pelayan cwe udh ok prfectðŸ«¶ðŸ«¶
 Sara"
Saba Cafe & Resto,Bandar Lampung,Cafe,4.8,57,30000,10744,"Sofa nyaman, meja kerja panjang, Wi-Fi 100Mbps, colokan, AC, live acoustic music Jumat-Sabtu, parkir gratis",Ada healthy foodnya.
BUKIT MEGA RAYA BANDAR LAMPUNG,Bandar Lampung,Cafe,4.5,541,50000,6981,"Suasana estetik, Wi-Fi, spot foto, AC, outdoor area, parkir, delivery via GoFood & GrabFood, menu seasonal",Nyanyi2 dan makan enak.. recomended...
Tukamu Coffee & Tea House No. 2,Bandar Lampung,Cafe,4.8,989,25000,10749,"Cozy corner tersedia, AC, Wi-Fi gratis, charging station, toilet, parkir motor & mobil, snack box untuk takeaway",makanannya enak banget kopinya mantep penyajiannya cepet tempat cozy
Vertigo Rockopi,Bandar Lampung,Cafe,4.9,11,25000,9669,"Booth cantik untuk foto, Wi-Fi, AC, parkir motor, kursi ergonomis, stop kontak, menu kopi specialty",Tempat ngopi santai dan diskusi para pecinta musik keras.
9.1 Coffee,Bandar Lampung,Cafe,4.6,126,50000,6119,"Cozy corner tersedia, AC, Wi-Fi gratis, charging station, toilet, parkir motor & mobil, snack box untuk takeaway",Saya cobain
Kayoo Cafe & Resto,Bandar Lampung,Cafe,4.5,25,50000,4545,"Wi-Fi kencang, colokan listrik di setiap meja, AC, parkir motor, toilet bersih, menu vegan, outdoor seating","Hidanganya enak, dan minuman kopi nya seger banget"
The Summit Bistro,Bandar Lampung,Cafe,4.5,1332,30000,4588,"Wi-Fi kencang, colokan listrik di setiap meja, AC, parkir motor, toilet bersih, menu vegan, outdoor seating","tempatnya nyaman, makanannya enak cocok banget buat nugas"
Doesoen Coffee,Bandar Lampung,Cafe,4.6,696,100000,10062,"Booth cantik untuk foto, Wi-Fi, AC, parkir motor, kursi ergonomis, stop kontak, menu kopi specialty",Terutama signature kopi Doesoennya.
UNSILENT,Bandar Lampung,Cafe,4.6,579,25000,8804,"Area rooftop, Wi-Fi, AC dalam ruangan, outdoor terrace, parkir, toilet bersih, background foto unik","atmospherenya bagus, kopinya biasa aja"
QALU COFFEE,Bandar Lampung,Cafe,4.7,305,50000,9939,"Study corner, Wi-Fi 50Mbps, colokan banyak, AC, mushola, parkir, wastafel, menu all-day breakfast","Curros, minuman macha dan kopi nya enak"
My Kopi O! Lampung City Mall,Bandar Lampung,Cafe,4.9,714,25000,9735,"Sofa nyaman, meja kerja panjang, Wi-Fi 100Mbps, colokan, AC, live acoustic music Jumat-Sabtu, parkir gratis","tempatnya sangat cozy, makanannya sangat enak dan kopinya juga enak."
KIYO LIBARE,Bandar Lampung,Cafe,4.3,191,50000,2712,"Booth cantik untuk foto, Wi-Fi, AC, parkir motor, kursi ergonomis, stop kontak, menu kopi specialty","tempat nya nyaman, bersih, playlist nya gen z able ðŸ¤™ðŸ»"
Shots coffe - Lampung,Bandar Lampung,Cafe,5,147,30000,3887,"Sofa nyaman, meja kerja panjang, Wi-Fi 100Mbps, colokan, AC, live acoustic music Jumat-Sabtu, parkir gratis","Rasa kopi mantap, dessert-nya juga bikin nagih."
Coffee Shop JangDoel (Ujang Jadoel),Bandar Lampung,Cafe,4.7,148,30000,4612,"Suasana estetik, Wi-Fi, spot foto, AC, outdoor area, parkir, delivery via GoFood & GrabFood, menu seasonal",Cozy tempatnya dan menurut ku coffeenya ok..
El's Coffee Roastery,Bandar Lampung,Cafe,4.5,1923,30000,3993,"Area rooftop, Wi-Fi, AC dalam ruangan, outdoor terrace, parkir, toilet bersih, background foto unik",El's
Amnesti Kopi,Bandar Lampung,Cafe,4.7,408,30000,9596,"Wi-Fi kencang, colokan listrik di setiap meja, AC, parkir motor, toilet bersih, menu vegan, outdoor seating",Yg utama americano dan espresso nya the best topp markotop dach.
The Gade Coffee & Gold Lampung,Bandar Lampung,Cafe,4.7,368,30000,8559,"Area rooftop, Wi-Fi, AC dalam ruangan, outdoor terrace, parkir, toilet bersih, background foto unik",Keren rek....
KYAFE,Bandar Lampung,Cafe,4.7,168,30000,4790,"Cozy corner tersedia, AC, Wi-Fi gratis, charging station, toilet, parkir motor & mobil, snack box untuk takeaway","Sudah bagus,"
El's Coffee Lampung Walk,Bandar Lampung,Cafe,4.5,309,30000,7073,"Wi-Fi kencang, colokan listrik di setiap meja, AC, parkir motor, toilet bersih, menu vegan, outdoor seating","kopinya enak, selalu pesen hot"
Marleys Signature,Bandar Lampung,Cafe,4.6,339,25000,6139,"Sofa nyaman, meja kerja panjang, Wi-Fi 100Mbps, colokan, AC, live acoustic music Jumat-Sabtu, parkir gratis",Tempt nya nyaman dan Barista nya ramah
PEARLEMON CAFE,Bandar Lampung,Cafe,4.9,29,25000,6116,"Study corner, Wi-Fi 50Mbps, colokan banyak, AC, mushola, parkir, wastafel, menu all-day breakfast","Kopinya juga enak, and well-balanced, servicenya jg cepet and ramah."
The camp Cafe,Bandar Lampung,Cafe,4.6,66,30000,11786,"Wi-Fi kencang, colokan listrik di setiap meja, AC, parkir motor, toilet bersih, menu vegan, outdoor seating",Cafenya oke banget nuansa Jepang minimalis ðŸ˜ðŸ˜
Momoyo Perwata Lampung,Bandar Lampung,Cafe,5,755,30000,10350,"Cozy corner tersedia, AC, Wi-Fi gratis, charging station, toilet, parkir motor & mobil, snack box untuk takeaway",Bagi yg ingin ngopi atau makanan ringan/berat datang aja langsung.
Kopi Chuseyo Bandar Lampung,Bandar Lampung,Cafe,4.8,45,30000,5296,"Wi-Fi kencang, colokan listrik di setiap meja, AC, parkir motor, toilet bersih, menu vegan, outdoor seating",Paling enak nongkrong smbil mkn momoyo
Eskole Teluk Betung,Bandar Lampung,Cafe,4.2,41,30000,2528,"Booth cantik untuk foto, Wi-Fi, AC, parkir motor, kursi ergonomis, stop kontak, menu kopi specialty","minuman dan makanannya enak, nuansa dan vibes disini juga cakep banget."
Kopi Oey Lampung,Bandar Lampung,Cafe,4.2,187,30000,1551,"Study corner, Wi-Fi 50Mbps, colokan banyak, AC, mushola, parkir, wastafel, menu all-day breakfast",Tempatnya juga nyaman.
Point Coffee,Bandar Lampung,Cafe,4.6,262,30000,7563,"Sofa nyaman, meja kerja panjang, Wi-Fi 100Mbps, colokan, AC, live acoustic music Jumat-Sabtu, parkir gratis",Dine in disajiin pake cup dong sekelas kopi o hot.. Wkwkwkwk
Podcast Coffee,Bandar Lampung,Cafe,4.7,49,30000,10579,"Cozy corner tersedia, AC, Wi-Fi gratis, charging station, toilet, parkir motor & mobil, snack box untuk takeaway",Makan di tempat
Cafe Kolo,Bandar Lampung,Cafe,4.3,394,30000,1823,"Booth cantik untuk foto, Wi-Fi, AC, parkir motor, kursi ergonomis, stop kontak, menu kopi specialty",Enak iced earl milk grey
Kedai Kopi Kini,Bandar Lampung,Cafe,4.5,784,30000,4235,"Suasana estetik, Wi-Fi, spot foto, AC, outdoor area, parkir, delivery via GoFood & GrabFood, menu seasonal",Makan di tempat
Enpos - Energi Positif,Bandar Lampung,Cafe,4.7,380,50000,10260,"Area rooftop, Wi-Fi, AC dalam ruangan, outdoor terrace, parkir, toilet bersih, background foto unik","Pokoknyaa kopi nyaa juaraaa abisss, makanan nyaa top bangettt"
KNB Coffee & Work space,Bandar Lampung,Cafe,3.7,3,25000,3054,"Booth cantik untuk foto, Wi-Fi, AC, parkir motor, kursi ergonomis, stop kontak, menu kopi specialty",makanannya enak dan tempatnya cozy buat nugas
Cafe Brekele,Bandar Lampung,Cafe,5,2,30000,4604,"Suasana estetik, Wi-Fi, spot foto, AC, outdoor area, parkir, delivery via GoFood & GrabFood, menu seasonal","Friendly and cozy vibes, cocok untuk ngemil sambil belajar"
KÅ«le'a Space,Bandar Lampung,Cafe,4.4,170,30000,3828,"Cozy corner tersedia, AC, Wi-Fi gratis, charging station, toilet, parkir motor & mobil, snack box untuk takeaway",minus nya belum ada makanan/cemilan meskipun boleh bawa dari luar.
"BRANCHE Cafe, Bar & Terrace",Bandar Lampung,Cafe,4.7,13,30000,11856,"Study corner, Wi-Fi 50Mbps, colokan banyak, AC, mushola, parkir, wastafel, menu all-day breakfast",Makan di tempat
Point Cafe Sultan Agung,Bandar Lampung,Cafe,4.6,365,50000,3241,"Cozy corner tersedia, AC, Wi-Fi gratis, charging station, toilet, parkir motor & mobil, snack box untuk takeaway",Tempat ngopi yang enak dan nyaman di daerah UIN dan sekitarnya.
Rumah Kawan,Bandar Lampung,Cafe,3.7,117,30000,1182,"Cozy corner tersedia, AC, Wi-Fi gratis, charging station, toilet, parkir motor & mobil, snack box untuk takeaway",Rekomen enak dan nyaman
SWEET CUP - Coffee & Eatery,Bandar Lampung,Cafe,4.7,123,30000,6872,"Sofa nyaman, meja kerja panjang, Wi-Fi 100Mbps, colokan, AC, live acoustic music Jumat-Sabtu, parkir gratis",Kacau sekali
Kopi Ketje Teluk,Bandar Lampung,Cafe,4.6,437,30000,5724,"Cozy corner tersedia, AC, Wi-Fi gratis, charging station, toilet, parkir motor & mobil, snack box untuk takeaway","Suasananya homey, menunya lumayan beragam"
brothers pizza teluk cbg villa citra,Bandar Lampung,Cafe,4.8,38,30000,9658,"Area rooftop, Wi-Fi, AC dalam ruangan, outdoor terrace, parkir, toilet bersih, background foto unik",Creamy carbonara nya enak .. Aglio olio nya pake bubuk cabai
Eternal Land Cafe,Bandar Lampung,Cafe,4,14,50000,2789,"Sofa nyaman, meja kerja panjang, Wi-Fi 100Mbps, colokan, AC, live acoustic music Jumat-Sabtu, parkir gratis","Suansana okay, banyak camilan lain selain kopi."
Cafe Del Mor,Bandar Lampung,Cafe,4.5,295,30000,10886,"Cozy corner tersedia, AC, Wi-Fi gratis, charging station, toilet, parkir motor & mobil, snack box untuk takeaway",Makan di tempat
YEN cafe,Bandar Lampung,Cafe,5,103,30000,6502,"Sofa nyaman, meja kerja panjang, Wi-Fi 100Mbps, colokan, AC, live acoustic music Jumat-Sabtu, parkir gratis","Tempatnya sderhana, ada live musik end haus musik, playanannya ramah"
Kopi Sinar Baru Cap Bola Dunia/Kedai Kopi 1911,Bandar Lampung,Cafe,4.6,132,30000,9570,"Area rooftop, Wi-Fi, AC dalam ruangan, outdoor terrace, parkir, toilet bersih, background foto unik",2025
Teman Nongki Kampus Cafe,Bandar Lampung,Cafe,4.4,66,30000,3960,"Area rooftop, Wi-Fi, AC dalam ruangan, outdoor terrace, parkir, toilet bersih, background foto unik","Instagramable tapi beneran enak juga. Banyak pilihan menu dari minuman kopi, matcha, sampai thai tea. Camilan-nya juga oke. Harga masih terjangkau untuk kualitasnya. Rekomen!"
Dahareun,Bandar Lampung,Cafe,4.3,296,50000,1474,"Booth cantik untuk foto, Wi-Fi, AC, parkir motor, kursi ergonomis, stop kontak, menu kopi specialty",Makan di tempat
House of Gelati,Bandar Lampung,Cafe,4.7,356,30000,9209,"Sofa nyaman, meja kerja panjang, Wi-Fi 100Mbps, colokan, AC, live acoustic music Jumat-Sabtu, parkir gratis","tempat ngopi yang Nyaman , bersih, pelayanan baik dan good tasteðŸ‘Œ"
Grand Mercure Lampung,Bandar Lampung,Hotel,4.8,3374,1400000,3035,"Kolam renang, Spa, Parkir gratis, Sarapan gratis","Hotel yang solid untuk harganya. Tidak ada yang mengecewakan selama menginap. Sarapannya enak, staf ramah, kamar bersih. Wi-Fi lancar untuk kerja. Value for money banget!"
Hotel De Green,Bandar Lampung,Hotel,4.4,1351,271512,9396,"Parkir gratis, Sarapan gratis, Wi-Fi gratis, AC","Hotel yang solid untuk harganya. Tidak ada yang mengecewakan selama menginap. Sarapannya enak, staf ramah, kamar bersih. Wi-Fi lancar untuk kerja. Value for money banget!"
Hotel Golden Tulip Springhill Lampung,Bandar Lampung,Hotel,4.8,9919,566000,14345,"Kolam renang, Spa, Sarapan gratis, Wi-Fi gratis",Pengalaman menginap yang sangat menyenangkan. Kamar bersih dan wangi. Pilihan sarapan bervariasi. Staf responsif dan profesional. Fasilitas lengkap. Akan kembali lagi di kunjungan berikutnya.
Yunna Hotel Lampung,Bandar Lampung,Hotel,4.3,2272,305000,10454,"Spa, Wi-Fi gratis, Parkir gratis, AC","Tempatnya nyaman dan tenang. Jauh dari kebisingan kota tapi tetap strategis. Kamar ber-AC dingin, kasur nyaman, toilet bersih. Layanan kamar 24 jam sangat membantu. Sangat puas!"
Hotel Santika Premiere Lampung,Bandar Lampung,Hotel,4.8,2166,724000,7673,"Kolam renang, Wi-Fi gratis, Parkir gratis, AC","Hotel yang solid untuk harganya. Tidak ada yang mengecewakan selama menginap. Sarapannya enak, staf ramah, kamar bersih. Wi-Fi lancar untuk kerja. Value for money banget!"
Aston Lampung City Hotel,Bandar Lampung,Hotel,4.3,7226,434000,9930,"Kolam renang, Spa, Wi-Fi gratis, Parkir gratis","Hotel yang solid untuk harganya. Tidak ada yang mengecewakan selama menginap. Sarapannya enak, staf ramah, kamar bersih. Wi-Fi lancar untuk kerja. Value for money banget!"
Hotel Horison Lampung,Bandar Lampung,Hotel,4.5,9029,598000,21412,"Kolam renang, Sarapan gratis, Wi-Fi gratis, Parkir gratis",Pengalaman menginap yang sangat menyenangkan. Kamar bersih dan wangi. Pilihan sarapan bervariasi. Staf responsif dan profesional. Fasilitas lengkap. Akan kembali lagi di kunjungan berikutnya.
Novotel Lampung,Bandar Lampung,Hotel,4.6,11961,1150000,21968,"Kolam renang, Spa, Sarapan gratis, Wi-Fi gratis","Tempatnya nyaman dan tenang. Jauh dari kebisingan kota tapi tetap strategis. Kamar ber-AC dingin, kasur nyaman, toilet bersih. Layanan kamar 24 jam sangat membantu. Sangat puas!"
Swiss-Belhotel Lampung,Bandar Lampung,Hotel,4.7,10812,651000,22834,"Kolam renang, Spa, Wi-Fi gratis, Parkir gratis","Hotel yang solid untuk harganya. Tidak ada yang mengecewakan selama menginap. Sarapannya enak, staf ramah, kamar bersih. Wi-Fi lancar untuk kerja. Value for money banget!"
Joy Hotel,Bandar Lampung,Hotel,4.1,180,190000,3076,"Wi-Fi gratis, Parkir gratis, AC, Wi-Fi","Hotel yang solid untuk harganya. Tidak ada yang mengecewakan selama menginap. Sarapannya enak, staf ramah, kamar bersih. Wi-Fi lancar untuk kerja. Value for money banget!"
Arte hotel bandar lampung,Bandar Lampung,Hotel,4.3,4488,337000,10973,"Kolam renang, Wi-Fi gratis, Parkir gratis, AC","Tempatnya nyaman dan tenang. Jauh dari kebisingan kota tapi tetap strategis. Kamar ber-AC dingin, kasur nyaman, toilet bersih. Layanan kamar 24 jam sangat membantu. Sangat puas!"
Kyriad M2 Lampung,Bandar Lampung,Hotel,4.5,721,313000,5536,"Kolam renang, Spa, Wi-Fi gratis, Parkir gratis","Kamarnya bersih dan nyaman. Kasurnya empuk banget, tidur jadi nyenyak. Sarapannya enak dan variatif. Staf sangat ramah dan siap membantu. Lokasi strategis, dekat dengan pusat kota. Pasti balik lagi!"
AKAR Hotels & Resorts,Bandar Lampung,Hotel,4.5,4959,557000,6111,"Kolam renang, Spa, Sarapan gratis, Wi-Fi gratis","Kamarnya bersih dan nyaman. Kasurnya empuk banget, tidur jadi nyenyak. Sarapannya enak dan variatif. Staf sangat ramah dan siap membantu. Lokasi strategis, dekat dengan pusat kota. Pasti balik lagi!"
Emersia Hotel & Resort,Bandar Lampung,Hotel,4.6,6684,569000,7861,"Kolam renang, Spa, Wi-Fi gratis, Parkir gratis","Hotel yang solid untuk harganya. Tidak ada yang mengecewakan selama menginap. Sarapannya enak, staf ramah, kamar bersih. Wi-Fi lancar untuk kerja. Value for money banget!"
Amalia Hotel,Bandar Lampung,Hotel,4.4,4012,411000,6566,"Kolam renang, Spa, Wi-Fi gratis, Parkir gratis",Pelayanan prima dari check-in hingga check-out. Kamar luas dan terawat. Kolam renangnya bersih. Sarapan bufetnya memuaskan. Harga sepadan dengan fasilitas. Recommended untuk keluarga!
POP! Hotel Tanjung Karang - Lampung,Bandar Lampung,Hotel,4.2,5527,301000,3958,"Wi-Fi gratis, Parkir gratis, AC, Sarapan","Tempatnya nyaman dan tenang. Jauh dari kebisingan kota tapi tetap strategis. Kamar ber-AC dingin, kasur nyaman, toilet bersih. Layanan kamar 24 jam sangat membantu. Sangat puas!"
BATIQA Hotel Lampung,Bandar Lampung,Hotel,4.5,6752,429000,11883,"Sarapan gratis, Wi-Fi gratis, Parkir gratis, AC","Tempatnya nyaman dan tenang. Jauh dari kebisingan kota tapi tetap strategis. Kamar ber-AC dingin, kasur nyaman, toilet bersih. Layanan kamar 24 jam sangat membantu. Sangat puas!"
Grand Luxury Hotel,Bandar Lampung,Hotel,3.9,454,260000,1049,"Wi-Fi gratis, Parkir gratis, AC, Sarapan",Pelayanan prima dari check-in hingga check-out. Kamar luas dan terawat. Kolam renangnya bersih. Sarapan bufetnya memuaskan. Harga sepadan dengan fasilitas. Recommended untuk keluarga!
Hotel Grande,Bandar Lampung,Hotel,4.3,1388,287000,8138,"Kolam renang, Spa, Sarapan gratis, Wi-Fi gratis","Tempatnya nyaman dan tenang. Jauh dari kebisingan kota tapi tetap strategis. Kamar ber-AC dingin, kasur nyaman, toilet bersih. Layanan kamar 24 jam sangat membantu. Sangat puas!"
Asoka Luxury Hotel,Bandar Lampung,Hotel,4.2,3392,319000,3936,"Wi-Fi gratis, Parkir gratis, AC, Sarapan",Pengalaman menginap yang sangat menyenangkan. Kamar bersih dan wangi. Pilihan sarapan bervariasi. Staf responsif dan profesional. Fasilitas lengkap. Akan kembali lagi di kunjungan berikutnya.
Radisson Lampung Kedaton,Bandar Lampung,Hotel,4.7,6213,1020000,10821,"Kolam renang, Wi-Fi gratis, Parkir gratis, AC","Tempatnya nyaman dan tenang. Jauh dari kebisingan kota tapi tetap strategis. Kamar ber-AC dingin, kasur nyaman, toilet bersih. Layanan kamar 24 jam sangat membantu. Sangat puas!"
Grand Luxury Hotel,Bandar Lampung,Hotel,3.9,454,260000,3192,"Wi-Fi gratis, Parkir gratis, AC, Sarapan","Tempatnya nyaman dan tenang. Jauh dari kebisingan kota tapi tetap strategis. Kamar ber-AC dingin, kasur nyaman, toilet bersih. Layanan kamar 24 jam sangat membantu. Sangat puas!"
Royal Guesthouse Bandar Lampung,Bandar Lampung,Hotel,4.2,196,174000,2752,"Wi-Fi gratis, Parkir gratis, AC, Wi-Fi","Tempatnya nyaman dan tenang. Jauh dari kebisingan kota tapi tetap strategis. Kamar ber-AC dingin, kasur nyaman, toilet bersih. Layanan kamar 24 jam sangat membantu. Sangat puas!"
Hotel De Green,Bandar Lampung,Hotel,4.4,1351,259000,11238,"Sarapan gratis, Wi-Fi gratis, Parkir gratis, AC","Kamarnya bersih dan nyaman. Kasurnya empuk banget, tidur jadi nyenyak. Sarapannya enak dan variatif. Staf sangat ramah dan siap membantu. Lokasi strategis, dekat dengan pusat kota. Pasti balik lagi!"
MAHAN KEDATON HOTEL LAMPUNG,Bandar Lampung,Hotel,4.6,112,192000,11701,"Fasilitas lengkap: kolam renang, sarapan, parkir, gym, spa, Wi-Fi, meeting room, ballroom, bar, concierge 24 jam",Pengalaman menginap yang sangat menyenangkan. Kamar bersih dan wangi. Pilihan sarapan bervariasi. Staf responsif dan profesional. Fasilitas lengkap. Akan kembali lagi di kunjungan berikutnya.
Grand Mercure Lampung,Bandar Lampung,Hotel,4.8,3374,1380000,5579,"Kolam renang, Spa, Sarapan gratis, Wi-Fi gratis","Tempatnya nyaman dan tenang. Jauh dari kebisingan kota tapi tetap strategis. Kamar ber-AC dingin, kasur nyaman, toilet bersih. Layanan kamar 24 jam sangat membantu. Sangat puas!"
Azana Boutique Hotel Lampung,Bandar Lampung,Hotel,4.8,649,555000,3931,"Kolam renang, Spa, Wi-Fi gratis, AC",Pengalaman menginap yang sangat menyenangkan. Kamar bersih dan wangi. Pilihan sarapan bervariasi. Staf responsif dan profesional. Fasilitas lengkap. Akan kembali lagi di kunjungan berikutnya.
Hotel Astoria Lampung,Bandar Lampung,Hotel,4.4,1567,306000,11320,"Spa, Wi-Fi gratis, Parkir gratis, AC",Pengalaman menginap yang sangat menyenangkan. Kamar bersih dan wangi. Pilihan sarapan bervariasi. Staf responsif dan profesional. Fasilitas lengkap. Akan kembali lagi di kunjungan berikutnya.
Kuraya Residence,Bandar Lampung,Hotel,4.5,910,528000,4312,"Kolam renang, Sarapan gratis, Wi-Fi gratis, Parkir gratis",Pengalaman menginap yang sangat menyenangkan. Kamar bersih dan wangi. Pilihan sarapan bervariasi. Staf responsif dan profesional. Fasilitas lengkap. Akan kembali lagi di kunjungan berikutnya.
Amaris Hotel Lampung City with A-Space,Bandar Lampung,Hotel,4.8,445,413000,6044,"Wi-Fi gratis, Parkir gratis, Sarapan, Wi-Fi",Pelayanan prima dari check-in hingga check-out. Kamar luas dan terawat. Kolam renangnya bersih. Sarapan bufetnya memuaskan. Harga sepadan dengan fasilitas. Recommended untuk keluarga!
Holiday Inn Lampung Bukit Randu,Bandar Lampung,Hotel,4.6,7801,839000,11122,"Kolam renang, Wi-Fi gratis, Parkir gratis, AC","Tempatnya nyaman dan tenang. Jauh dari kebisingan kota tapi tetap strategis. Kamar ber-AC dingin, kasur nyaman, toilet bersih. Layanan kamar 24 jam sangat membantu. Sangat puas!"
Hotel Andalas,Bandar Lampung,Hotel,4.2,1042,200000,3237,"Wi-Fi gratis, Parkir gratis, AC, Sarapan","Kamarnya bersih dan nyaman. Kasurnya empuk banget, tidur jadi nyenyak. Sarapannya enak dan variatif. Staf sangat ramah dan siap membantu. Lokasi strategis, dekat dengan pusat kota. Pasti balik lagi!"
Soeltan Luxe Hotel,Bandar Lampung,Hotel,4.2,211,248000,1078,"Kolam renang, Wi-Fi gratis, Parkir gratis, AC","Kamarnya bersih dan nyaman. Kasurnya empuk banget, tidur jadi nyenyak. Sarapannya enak dan variatif. Staf sangat ramah dan siap membantu. Lokasi strategis, dekat dengan pusat kota. Pasti balik lagi!"
Negeri Baru Kalianda,Bandar Lampung,Hotel,3.6,882,139000,3565,"Kolam renang, Wi-Fi gratis, Parkir gratis, AC","Kamarnya bersih dan nyaman. Kasurnya empuk banget, tidur jadi nyenyak. Sarapannya enak dan variatif. Staf sangat ramah dan siap membantu. Lokasi strategis, dekat dengan pusat kota. Pasti balik lagi!"
Hotel Anugerah Express Lampung,Bandar Lampung,Hotel,4.3,962,321000,1763,"Wi-Fi gratis, Parkir gratis, AC, Sarapan","Kamarnya bersih dan nyaman. Kasurnya empuk banget, tidur jadi nyenyak. Sarapannya enak dan variatif. Staf sangat ramah dan siap membantu. Lokasi strategis, dekat dengan pusat kota. Pasti balik lagi!"
Drimz Hotel,Bandar Lampung,Hotel,4.5,110,293000,9615,"Kolam renang, spa & sauna, gym, parkir gratis, sarapan gratis, Wi-Fi, layanan kamar 24 jam, restoran, ballroom","Tempatnya nyaman dan tenang. Jauh dari kebisingan kota tapi tetap strategis. Kamar ber-AC dingin, kasur nyaman, toilet bersih. Layanan kamar 24 jam sangat membantu. Sangat puas!"
Sans Hotel Bougenville Lampung,Bandar Lampung,Hotel,4.4,140,178000,4964,"Wi-Fi gratis, Parkir gratis, AC, Wi-Fi","Kamarnya bersih dan nyaman. Kasurnya empuk banget, tidur jadi nyenyak. Sarapannya enak dan variatif. Staf sangat ramah dan siap membantu. Lokasi strategis, dekat dengan pusat kota. Pasti balik lagi!"
Grand Anugerah Hotel,Bandar Lampung,Hotel,4.4,3268,475000,7033,"Spa, Parkir gratis, AC, Sarapan",Pengalaman menginap yang sangat menyenangkan. Kamar bersih dan wangi. Pilihan sarapan bervariasi. Staf responsif dan profesional. Fasilitas lengkap. Akan kembali lagi di kunjungan berikutnya.
RedDoorz Plus @ Jalan Raden Intan Lampung,Bandar Lampung,Hotel,4,76,173000,3171,"Wi-Fi gratis, Parkir gratis, AC, Wi-Fi",Pelayanan prima dari check-in hingga check-out. Kamar luas dan terawat. Kolam renangnya bersih. Sarapan bufetnya memuaskan. Harga sepadan dengan fasilitas. Recommended untuk keluarga!
Hotel Bong Gajah Lampung (Urbanview Hotels),Bandar Lampung,Hotel,4.6,160,183000,3651,"Rooftop pool, gym, spa, Wi-Fi, parkir basement, restoran, bar, meeting room, antar-jemput bandara, loker","Hotel yang solid untuk harganya. Tidak ada yang mengecewakan selama menginap. Sarapannya enak, staf ramah, kamar bersih. Wi-Fi lancar untuk kerja. Value for money banget!"
RedDoorz Plus @ Jalan Raden Intan Lampung,Bandar Lampung,Hotel,4,76,173000,3336,"Wi-Fi gratis, Parkir gratis, AC, Wi-Fi","Kamarnya bersih dan nyaman. Kasurnya empuk banget, tidur jadi nyenyak. Sarapannya enak dan variatif. Staf sangat ramah dan siap membantu. Lokasi strategis, dekat dengan pusat kota. Pasti balik lagi!"
Hotel Bong Gajah Lampung (Urbanview Hotels),Bandar Lampung,Hotel,4.6,160,183000,4343,"Fasilitas lengkap: kolam renang, sarapan, parkir, gym, spa, Wi-Fi, meeting room, ballroom, bar, concierge 24 jam","Hotel yang solid untuk harganya. Tidak ada yang mengecewakan selama menginap. Sarapannya enak, staf ramah, kamar bersih. Wi-Fi lancar untuk kerja. Value for money banget!"
Urbanview Hotel AnD Lampung by RedDoorz,Bandar Lampung,Hotel,4.1,43,222000,2517,"Wi-Fi gratis, Parkir gratis, AC, Wi-Fi","Hotel yang solid untuk harganya. Tidak ada yang mengecewakan selama menginap. Sarapannya enak, staf ramah, kamar bersih. Wi-Fi lancar untuk kerja. Value for money banget!"
Hexton Hotel Lampung,Bandar Lampung,Hotel,4.8,110,346000,11565,"Fasilitas lengkap: kolam renang, sarapan, parkir, gym, spa, Wi-Fi, meeting room, ballroom, bar, concierge 24 jam","Hotel yang solid untuk harganya. Tidak ada yang mengecewakan selama menginap. Sarapannya enak, staf ramah, kamar bersih. Wi-Fi lancar untuk kerja. Value for money banget!"
ROSA HOSTEL,Bandar Lampung,Hotel,4.6,197,223000,8183,"Wi-Fi gratis, Parkir gratis, AC, Wi-Fi",Pengalaman menginap yang sangat menyenangkan. Kamar bersih dan wangi. Pilihan sarapan bervariasi. Staf responsif dan profesional. Fasilitas lengkap. Akan kembali lagi di kunjungan berikutnya.
"Hotel Syariah GS Lampung Culture, Bandar Lampung",Bandar Lampung,Hotel,4.5,291,304000,7272,"Fasilitas lengkap: kolam renang, sarapan, parkir, gym, spa, Wi-Fi, meeting room, ballroom, bar, concierge 24 jam","Kamarnya bersih dan nyaman. Kasurnya empuk banget, tidur jadi nyenyak. Sarapannya enak dan variatif. Staf sangat ramah dan siap membantu. Lokasi strategis, dekat dengan pusat kota. Pasti balik lagi!"
Grand Citihub Hotel @Kartini,Bandar Lampung,Hotel,4.2,1848,284000,1636,"Wi-Fi gratis, Parkir gratis, AC, Wi-Fi","Tempatnya nyaman dan tenang. Jauh dari kebisingan kota tapi tetap strategis. Kamar ber-AC dingin, kasur nyaman, toilet bersih. Layanan kamar 24 jam sangat membantu. Sangat puas!"
Sans Stay Eskole Lampung,Bandar Lampung,Hotel,4.1,71,196000,3543,"Kolam renang, Wi-Fi gratis, Parkir gratis, AC",Pengalaman menginap yang sangat menyenangkan. Kamar bersih dan wangi. Pilihan sarapan bervariasi. Staf responsif dan profesional. Fasilitas lengkap. Akan kembali lagi di kunjungan berikutnya.
Great Cokro Edotel Lampung,Bandar Lampung,Hotel,3.5,4,147000,3733,"Parkir gratis, AC, Sarapan, Wi-Fi","Tempatnya nyaman dan tenang. Jauh dari kebisingan kota tapi tetap strategis. Kamar ber-AC dingin, kasur nyaman, toilet bersih. Layanan kamar 24 jam sangat membantu. Sangat puas!"
Hotel Andalas Permai,Bandar Lampung,Hotel,4.5,1386,231000,8147,"Wi-Fi gratis, Parkir gratis, AC, Wi-Fi","Kamarnya bersih dan nyaman. Kasurnya empuk banget, tidur jadi nyenyak. Sarapannya enak dan variatif. Staf sangat ramah dan siap membantu. Lokasi strategis, dekat dengan pusat kota. Pasti balik lagi!"
Bethara Hotel Syariah Lampung,Bandar Lampung,Hotel,4.8,247,218000,6910,"AC, Wi-Fi",Pengalaman menginap yang sangat menyenangkan. Kamar bersih dan wangi. Pilihan sarapan bervariasi. Staf responsif dan profesional. Fasilitas lengkap. Akan kembali lagi di kunjungan berikutnya.
RedDoorz Plus @ Permata Guesthouse Lampung,Bandar Lampung,Hotel,4.6,138,169000,7351,"Sarapan gratis, Wi-Fi gratis, Parkir gratis, AC","Hotel yang solid untuk harganya. Tidak ada yang mengecewakan selama menginap. Sarapannya enak, staf ramah, kamar bersih. Wi-Fi lancar untuk kerja. Value for money banget!"
KANAJIWA HOTEL BANDAR LAMPUNG,Bandar Lampung,Hotel,3.6,16,132000,2421,"Sarapan gratis, Wi-Fi gratis, Parkir gratis, AC",Pengalaman menginap yang sangat menyenangkan. Kamar bersih dan wangi. Pilihan sarapan bervariasi. Staf responsif dan profesional. Fasilitas lengkap. Akan kembali lagi di kunjungan berikutnya.
Arinas Hotel,Bandar Lampung,Hotel,4.2,1426,270000,1336,"Wi-Fi gratis, Parkir gratis, AC, Sarapan",Pengalaman menginap yang sangat menyenangkan. Kamar bersih dan wangi. Pilihan sarapan bervariasi. Staf responsif dan profesional. Fasilitas lengkap. Akan kembali lagi di kunjungan berikutnya.
Chandra Inn,Bandar Lampung,Hotel,4.3,126,330000,3551,"Wi-Fi gratis, AC, TV kabel, minibar, parkir, restoran, layanan kamar 24 jam, lift, akses kartu, CCTV","Kamarnya bersih dan nyaman. Kasurnya empuk banget, tidur jadi nyenyak. Sarapannya enak dan variatif. Staf sangat ramah dan siap membantu. Lokasi strategis, dekat dengan pusat kota. Pasti balik lagi!"
AIDIA Grande Hotel,Bandar Lampung,Hotel,4.8,4761,550000,7915,"Wi-Fi gratis, Parkir gratis, AC, Sarapan","Hotel yang solid untuk harganya. Tidak ada yang mengecewakan selama menginap. Sarapannya enak, staf ramah, kamar bersih. Wi-Fi lancar untuk kerja. Value for money banget!"
Arnes Central Hotel,Bandar Lampung,Hotel,4.2,845,275000,2672,"Wi-Fi gratis, Parkir gratis, AC, Sarapan","Hotel yang solid untuk harganya. Tidak ada yang mengecewakan selama menginap. Sarapannya enak, staf ramah, kamar bersih. Wi-Fi lancar untuk kerja. Value for money banget!"
Grand Elty Krakatoa Resort,Bandar Lampung,Hotel,4.4,5311,1140000,8180,"Kolam renang, Wi-Fi gratis, Parkir gratis, AC",Pelayanan prima dari check-in hingga check-out. Kamar luas dan terawat. Kolam renangnya bersih. Sarapan bufetnya memuaskan. Harga sepadan dengan fasilitas. Recommended untuk keluarga!
Urban Style Hotel Azana Hotels Collection,Bandar Lampung,Hotel,4.5,2741,320000,4188,"Parkir gratis, Sarapan, Wi-Fi, Restoran",Pelayanan prima dari check-in hingga check-out. Kamar luas dan terawat. Kolam renangnya bersih. Sarapan bufetnya memuaskan. Harga sepadan dengan fasilitas. Recommended untuk keluarga!
Lembah Batu Heritage,Bandar Lampung,Hotel,4.7,3388,318000,3152,"Kolam renang, Wi-Fi gratis, Parkir gratis, AC","Tempatnya nyaman dan tenang. Jauh dari kebisingan kota tapi tetap strategis. Kamar ber-AC dingin, kasur nyaman, toilet bersih. Layanan kamar 24 jam sangat membantu. Sangat puas!"
Urbanview Alfiya Hotel Lampung by RedDoorz,Bandar Lampung,Hotel,4.6,125,251000,10508,"Wi-Fi gratis, Parkir gratis, AC, Sarapan",Pelayanan prima dari check-in hingga check-out. Kamar luas dan terawat. Kolam renangnya bersih. Sarapan bufetnya memuaskan. Harga sepadan dengan fasilitas. Recommended untuk keluarga!
Hotel O Teluk Betung Near Water Park Lembah Hijau Formerly Kanajiwa Guesthouse 1,Bandar Lampung,Hotel,4.2,77,108000,3344,"Rooftop pool, gym, spa, Wi-Fi, parkir basement, restoran, bar, meeting room, antar-jemput bandara, loker","Kamarnya bersih dan nyaman. Kasurnya empuk banget, tidur jadi nyenyak. Sarapannya enak dan variatif. Staf sangat ramah dan siap membantu. Lokasi strategis, dekat dengan pusat kota. Pasti balik lagi!"
Reddoorz Plus @ Puncak Mas Cottage Lampung,Bandar Lampung,Hotel,2.1,24,171000,676,"Kolam renang, Wi-Fi gratis, Parkir gratis, AC",Pengalaman menginap yang sangat menyenangkan. Kamar bersih dan wangi. Pilihan sarapan bervariasi. Staf responsif dan profesional. Fasilitas lengkap. Akan kembali lagi di kunjungan berikutnya.
Bintang Guest House,Bandar Lampung,Hotel,4.7,181,328000,4638,"Fasilitas lengkap: kolam renang, sarapan, parkir, gym, spa, Wi-Fi, meeting room, ballroom, bar, concierge 24 jam","Hotel yang solid untuk harganya. Tidak ada yang mengecewakan selama menginap. Sarapannya enak, staf ramah, kamar bersih. Wi-Fi lancar untuk kerja. Value for money banget!"
The Lavana Villa LDR Bandar Lampung,Bandar Lampung,Hotel,3.8,150,231000,1100,"Wi-Fi gratis, Parkir gratis, AC, Wi-Fi",Pengalaman menginap yang sangat menyenangkan. Kamar bersih dan wangi. Pilihan sarapan bervariasi. Staf responsif dan profesional. Fasilitas lengkap. Akan kembali lagi di kunjungan berikutnya.
Ketje Luxury Capsule Mitra RedDoorz,Bandar Lampung,Hotel,4.7,252,93200,11808,"Wi-Fi, Tempat parkir","Kamarnya bersih dan nyaman. Kasurnya empuk banget, tidur jadi nyenyak. Sarapannya enak dan variatif. Staf sangat ramah dan siap membantu. Lokasi strategis, dekat dengan pusat kota. Pasti balik lagi!"
G Syariah Hotel Bandar Lampung,Bandar Lampung,Hotel,4.3,1367,145000,6492,"Kolam renang, Wi-Fi gratis, Parkir gratis, AC",Pengalaman menginap yang sangat menyenangkan. Kamar bersih dan wangi. Pilihan sarapan bervariasi. Staf responsif dan profesional. Fasilitas lengkap. Akan kembali lagi di kunjungan berikutnya.
GRAND KUTILANG SYARIAH,Bandar Lampung,Hotel,4.6,472,343000,11288,"Wi-Fi gratis, Parkir gratis, AC, Wi-Fi","Hotel yang solid untuk harganya. Tidak ada yang mengecewakan selama menginap. Sarapannya enak, staf ramah, kamar bersih. Wi-Fi lancar untuk kerja. Value for money banget!"
Grand Venetian Hotel,Bandar Lampung,Hotel,4.4,439,446000,7345,"Wi-Fi gratis, Parkir gratis, Sarapan, Wi-Fi",Pelayanan prima dari check-in hingga check-out. Kamar luas dan terawat. Kolam renangnya bersih. Sarapan bufetnya memuaskan. Harga sepadan dengan fasilitas. Recommended untuk keluarga!
Bumi Kedaton Resort,Bandar Lampung,Hotel,4,308,291000,1342,"Wi-Fi gratis, Parkir gratis, Sarapan, Wi-Fi","Tempatnya nyaman dan tenang. Jauh dari kebisingan kota tapi tetap strategis. Kamar ber-AC dingin, kasur nyaman, toilet bersih. Layanan kamar 24 jam sangat membantu. Sangat puas!"
Hotel Omah Akas,Bandar Lampung,Hotel,4.3,490,107000,2229,"Parkir gratis, AC, Sarapan, Wi-Fi","Hotel yang solid untuk harganya. Tidak ada yang mengecewakan selama menginap. Sarapannya enak, staf ramah, kamar bersih. Wi-Fi lancar untuk kerja. Value for money banget!"
Hotel Pelangi,Bandar Lampung,Hotel,4,792,221000,1081,"Kolam renang, Wi-Fi gratis, Parkir gratis, AC","Hotel yang solid untuk harganya. Tidak ada yang mengecewakan selama menginap. Sarapannya enak, staf ramah, kamar bersih. Wi-Fi lancar untuk kerja. Value for money banget!"
Aries Hotel Lampung,Bandar Lampung,Hotel,4.6,138,187000,7002,"Wi-Fi gratis, Parkir gratis, AC, Wi-Fi","Hotel yang solid untuk harganya. Tidak ada yang mengecewakan selama menginap. Sarapannya enak, staf ramah, kamar bersih. Wi-Fi lancar untuk kerja. Value for money banget!"
Hani Guesthouse,Bandar Lampung,Hotel,4.2,77,94500000,2313,"Wi-Fi gratis, Parkir gratis, AC, Sarapan","Hotel yang solid untuk harganya. Tidak ada yang mengecewakan selama menginap. Sarapannya enak, staf ramah, kamar bersih. Wi-Fi lancar untuk kerja. Value for money banget!"
Hotel O Teluk Betung Near Water Park Lembah Hijau Formerly Kanajiwa Guesthouse 2,Bandar Lampung,Hotel,3.8,21,93500,1967,"Wi-Fi gratis, Parkir gratis, AC, Sarapan","Kamarnya bersih dan nyaman. Kasurnya empuk banget, tidur jadi nyenyak. Sarapannya enak dan variatif. Staf sangat ramah dan siap membantu. Lokasi strategis, dekat dengan pusat kota. Pasti balik lagi!"
Hotel Aero Guest House,Bandar Lampung,Hotel,4.2,546,162000,1446,"Kolam renang outdoor, jacuzzi, sarapan buffet, Wi-Fi, parkir luas, shuttle bandara, spa, gym, anak bebas biaya","Hotel yang solid untuk harganya. Tidak ada yang mengecewakan selama menginap. Sarapannya enak, staf ramah, kamar bersih. Wi-Fi lancar untuk kerja. Value for money banget!"
Grand Kurnia Hostel,Bandar Lampung,Hotel,4.2,198,126000,2594,"Rooftop pool, gym, spa, Wi-Fi, parkir basement, restoran, bar, meeting room, antar-jemput bandara, loker",Pengalaman menginap yang sangat menyenangkan. Kamar bersih dan wangi. Pilihan sarapan bervariasi. Staf responsif dan profesional. Fasilitas lengkap. Akan kembali lagi di kunjungan berikutnya.
Reddoorz @ Jalan Diponegoro Bandar Lampung,Bandar Lampung,Hotel,3.7,3,105000,3025,"Kolam renang, Wi-Fi gratis, Parkir gratis, AC","Kamarnya bersih dan nyaman. Kasurnya empuk banget, tidur jadi nyenyak. Sarapannya enak dan variatif. Staf sangat ramah dan siap membantu. Lokasi strategis, dekat dengan pusat kota. Pasti balik lagi!"
Grannyâ€™s Nest Boutique Hotel & Cafe,Bandar Lampung,Hotel,4.9,226,312000,7956,"Wi-Fi gratis, Parkir gratis, AC, Wi-Fi",Pelayanan prima dari check-in hingga check-out. Kamar luas dan terawat. Kolam renangnya bersih. Sarapan bufetnya memuaskan. Harga sepadan dengan fasilitas. Recommended untuk keluarga!
Arwana Inn Lampung Mitra RedDoorz,Bandar Lampung,Hotel,4.7,11,116000,11666,"Kolam renang, Wi-Fi gratis, AC, Sarapan",Pengalaman menginap yang sangat menyenangkan. Kamar bersih dan wangi. Pilihan sarapan bervariasi. Staf responsif dan profesional. Fasilitas lengkap. Akan kembali lagi di kunjungan berikutnya.
Jukung Villa Lampung,Bandar Lampung,Hotel,4.7,105,750000,3128,"Fasilitas lengkap: kolam renang, sarapan, parkir, gym, spa, Wi-Fi, meeting room, ballroom, bar, concierge 24 jam",Pengalaman menginap yang sangat menyenangkan. Kamar bersih dan wangi. Pilihan sarapan bervariasi. Staf responsif dan profesional. Fasilitas lengkap. Akan kembali lagi di kunjungan berikutnya.
Nuwono Tasya Guesthouse,Bandar Lampung,Hotel,4.3,817,148000,3535,"Wi-Fi gratis, Parkir gratis, AC, Wi-Fi",Pengalaman menginap yang sangat menyenangkan. Kamar bersih dan wangi. Pilihan sarapan bervariasi. Staf responsif dan profesional. Fasilitas lengkap. Akan kembali lagi di kunjungan berikutnya.
Dwipa Wisata Hotel,Bandar Lampung,Hotel,4.2,137,166000,3071,"Wi-Fi gratis, Parkir gratis, AC, Sarapan",Pengalaman menginap yang sangat menyenangkan. Kamar bersih dan wangi. Pilihan sarapan bervariasi. Staf responsif dan profesional. Fasilitas lengkap. Akan kembali lagi di kunjungan berikutnya.
Hotel Serasi,Bandar Lampung,Hotel,4.3,174,216000,2026,"Sarapan gratis, Wi-Fi gratis, Parkir gratis, AC","Kamarnya bersih dan nyaman. Kasurnya empuk banget, tidur jadi nyenyak. Sarapannya enak dan variatif. Staf sangat ramah dan siap membantu. Lokasi strategis, dekat dengan pusat kota. Pasti balik lagi!"
Hotel O Enggal Near Gor Saburai Formerly Hotel Pelangi,Bandar Lampung,Hotel,3.9,70,75300,3517,"Wi-Fi gratis, Parkir gratis, AC, Wi-Fi",Pelayanan prima dari check-in hingga check-out. Kamar luas dan terawat. Kolam renangnya bersih. Sarapan bufetnya memuaskan. Harga sepadan dengan fasilitas. Recommended untuk keluarga!
Wisma Andalas Asri,Bandar Lampung,Hotel,4.3,434,158000,1224,"Wi-Fi gratis, Parkir gratis, AC, Sarapan",Pelayanan prima dari check-in hingga check-out. Kamar luas dan terawat. Kolam renangnya bersih. Sarapan bufetnya memuaskan. Harga sepadan dengan fasilitas. Recommended untuk keluarga!
Kutilang Syariah Guest House Lampung,Bandar Lampung,Hotel,4.2,228,200000,1350,"Kolam renang, spa & sauna, gym, parkir gratis, sarapan gratis, Wi-Fi, layanan kamar 24 jam, restoran, ballroom","Hotel yang solid untuk harganya. Tidak ada yang mengecewakan selama menginap. Sarapannya enak, staf ramah, kamar bersih. Wi-Fi lancar untuk kerja. Value for money banget!"
Hotel O Bandar Lampung Near Teropong Kota Bukit Cindy Formerly Divka Residence,Bandar Lampung,Hotel,3.8,51,79000,1883,"Wi-Fi gratis, Parkir gratis, AC, Wi-Fi","Tempatnya nyaman dan tenang. Jauh dari kebisingan kota tapi tetap strategis. Kamar ber-AC dingin, kasur nyaman, toilet bersih. Layanan kamar 24 jam sangat membantu. Sangat puas!"
RedDoorz @ Kali Balok Lampung,Bandar Lampung,Hotel,4,46,142000,1272,"Wi-Fi gratis, Parkir gratis, AC, Wi-Fi","Kamarnya bersih dan nyaman. Kasurnya empuk banget, tidur jadi nyenyak. Sarapannya enak dan variatif. Staf sangat ramah dan siap membantu. Lokasi strategis, dekat dengan pusat kota. Pasti balik lagi!"
Setia Hotel,Bandar Lampung,Hotel,4.5,169,179000,4753,"Rooftop pool, gym, spa, Wi-Fi, parkir basement, restoran, bar, meeting room, antar-jemput bandara, loker",Pelayanan prima dari check-in hingga check-out. Kamar luas dan terawat. Kolam renangnya bersih. Sarapan bufetnya memuaskan. Harga sepadan dengan fasilitas. Recommended untuk keluarga!
Wisma Jannatun Naim Lampung,Bandar Lampung,Hotel,4.8,92,263000,5546,"Wi-Fi gratis, Parkir gratis, AC, Wi-Fi","Kamarnya bersih dan nyaman. Kasurnya empuk banget, tidur jadi nyenyak. Sarapannya enak dan variatif. Staf sangat ramah dan siap membantu. Lokasi strategis, dekat dengan pusat kota. Pasti balik lagi!"
RESTU INN,Bandar Lampung,Hotel,4,164,150000,1915,"Wi-Fi gratis, Parkir gratis, AC, Sarapan","Kamarnya bersih dan nyaman. Kasurnya empuk banget, tidur jadi nyenyak. Sarapannya enak dan variatif. Staf sangat ramah dan siap membantu. Lokasi strategis, dekat dengan pusat kota. Pasti balik lagi!"
RedDoorz @ SMK Kridawisata,Bandar Lampung,Hotel,4.1,393,97600,1954,"Wi-Fi gratis, Parkir gratis, AC, Wi-Fi","Hotel yang solid untuk harganya. Tidak ada yang mengecewakan selama menginap. Sarapannya enak, staf ramah, kamar bersih. Wi-Fi lancar untuk kerja. Value for money banget!"
RedDoorz @ Gatot Subroto Lampung,Bandar Lampung,Hotel,3.9,170,123000,3277,"Breakfast gratis, AC, Wi-Fi, parkir, laundri, resepsionis 24 jam, safe deposit box, minibar, TV LED 40 inci",Pelayanan prima dari check-in hingga check-out. Kamar luas dan terawat. Kolam renangnya bersih. Sarapan bufetnya memuaskan. Harga sepadan dengan fasilitas. Recommended untuk keluarga!
Hotel O Kedaton Near Rumah Sakit Advent Bandar Lampung Formerly Hotel Plain C Lake,Bandar Lampung,Hotel,4.6,128,115000,6450,"Wi-Fi gratis, Parkir gratis, AC, Sarapan","Tempatnya nyaman dan tenang. Jauh dari kebisingan kota tapi tetap strategis. Kamar ber-AC dingin, kasur nyaman, toilet bersih. Layanan kamar 24 jam sangat membantu. Sangat puas!"
Hotel Wisata,Bandar Lampung,Hotel,4.3,745,232000,3739,"Rooftop pool, gym, spa, Wi-Fi, parkir basement, restoran, bar, meeting room, antar-jemput bandara, loker","Tempatnya nyaman dan tenang. Jauh dari kebisingan kota tapi tetap strategis. Kamar ber-AC dingin, kasur nyaman, toilet bersih. Layanan kamar 24 jam sangat membantu. Sangat puas!"
RedDoorz @ Kubu Selem Palapa Lampung,Bandar Lampung,Hotel,3.4,8,123000,451,"Wi-Fi gratis, Parkir gratis, AC, Wi-Fi","Tempatnya nyaman dan tenang. Jauh dari kebisingan kota tapi tetap strategis. Kamar ber-AC dingin, kasur nyaman, toilet bersih. Layanan kamar 24 jam sangat membantu. Sangat puas!"
Puri Kesumayudha,Bandar Lampung,Hotel,4.4,156,129000,6335,"Wi-Fi gratis, Parkir gratis, AC, Wi-Fi",Pengalaman menginap yang sangat menyenangkan. Kamar bersih dan wangi. Pilihan sarapan bervariasi. Staf responsif dan profesional. Fasilitas lengkap. Akan kembali lagi di kunjungan berikutnya.
Wisma Amandari,Bandar Lampung,Hotel,4.2,335,156000,3615,"Wi-Fi gratis, Parkir gratis, AC, Sarapan",Pelayanan prima dari check-in hingga check-out. Kamar luas dan terawat. Kolam renangnya bersih. Sarapan bufetnya memuaskan. Harga sepadan dengan fasilitas. Recommended untuk keluarga!
Tango Hostel,Bandar Lampung,Hotel,4.2,1189,431000,3397,"Wi-Fi gratis, Parkir gratis, AC, Wi-Fi",Pengalaman menginap yang sangat menyenangkan. Kamar bersih dan wangi. Pilihan sarapan bervariasi. Staf responsif dan profesional. Fasilitas lengkap. Akan kembali lagi di kunjungan berikutnya.
Rumah Pahoman - Kost Eksklusif dan Penginapan Bandar Lampung,Bandar Lampung,Hotel,4.2,49,139000,1881,"Wi-Fi gratis, Parkir gratis, Wi-Fi",Pengalaman menginap yang sangat menyenangkan. Kamar bersih dan wangi. Pilihan sarapan bervariasi. Staf responsif dan profesional. Fasilitas lengkap. Akan kembali lagi di kunjungan berikutnya.
Urbanview Hotel De Artha Lampung by RedDoorz,Bandar Lampung,Hotel,4.1,78,133000,2870,"Kolam renang, Wi-Fi gratis, Parkir gratis, AC",Pengalaman menginap yang sangat menyenangkan. Kamar bersih dan wangi. Pilihan sarapan bervariasi. Staf responsif dan profesional. Fasilitas lengkap. Akan kembali lagi di kunjungan berikutnya.
Hotel Tirta Kencana Berlian,Bandar Lampung,Hotel,4.1,140,327000,2801,"Kolam renang, Akses ke pantai, Wi-Fi gratis, Parkir gratis","Hotel yang solid untuk harganya. Tidak ada yang mengecewakan selama menginap. Sarapannya enak, staf ramah, kamar bersih. Wi-Fi lancar untuk kerja. Value for money banget!"
Suak Sumatera Resort,Bandar Lampung,Hotel,4.5,256,1590000,7114,"Fasilitas lengkap: kolam renang, sarapan, parkir, gym, spa, Wi-Fi, meeting room, ballroom, bar, concierge 24 jam","Hotel yang solid untuk harganya. Tidak ada yang mengecewakan selama menginap. Sarapannya enak, staf ramah, kamar bersih. Wi-Fi lancar untuk kerja. Value for money banget!"
Hotel O Teluk Betung Near Bank Indonesia Formerly Wisma Pmi,Bandar Lampung,Hotel,4.7,68,81100,3832,"Kolam renang, Wi-Fi gratis, Parkir gratis, Wi-Fi","Kamarnya bersih dan nyaman. Kasurnya empuk banget, tidur jadi nyenyak. Sarapannya enak dan variatif. Staf sangat ramah dan siap membantu. Lokasi strategis, dekat dengan pusat kota. Pasti balik lagi!"
Hometown Residence,Bandar Lampung,Hotel,4.4,93,228000,4512,"Wi-Fi gratis, Parkir gratis, AC, Sarapan","Kamarnya bersih dan nyaman. Kasurnya empuk banget, tidur jadi nyenyak. Sarapannya enak dan variatif. Staf sangat ramah dan siap membantu. Lokasi strategis, dekat dengan pusat kota. Pasti balik lagi!"
Bamboe Inn 2 Homestay,Bandar Lampung,Hotel,4.4,605,158000,9939,"Wi-Fi gratis, Parkir gratis, AC, Sarapan",Pelayanan prima dari check-in hingga check-out. Kamar luas dan terawat. Kolam renangnya bersih. Sarapan bufetnya memuaskan. Harga sepadan dengan fasilitas. Recommended untuk keluarga!
RedDoorz @ Arca Hostel Lampung,Bandar Lampung,Hotel,4.7,6,96200,7533,"Kolam renang, Wi-Fi gratis, Parkir gratis, AC",Pelayanan prima dari check-in hingga check-out. Kamar luas dan terawat. Kolam renangnya bersih. Sarapan bufetnya memuaskan. Harga sepadan dengan fasilitas. Recommended untuk keluarga!
RedDoorz @ Jalan Pangeran Antasari Lampung 2,Bandar Lampung,Hotel,4.6,85,144000,3722,"Kolam renang, Wi-Fi gratis, Parkir gratis, AC","Hotel yang solid untuk harganya. Tidak ada yang mengecewakan selama menginap. Sarapannya enak, staf ramah, kamar bersih. Wi-Fi lancar untuk kerja. Value for money banget!"
RedDoorz Plus @ Tanjung Karang Lampung 2,Bandar Lampung,Hotel,3.6,21,155000,814,"Kolam renang, Wi-Fi gratis, Parkir gratis, AC","Kamarnya bersih dan nyaman. Kasurnya empuk banget, tidur jadi nyenyak. Sarapannya enak dan variatif. Staf sangat ramah dan siap membantu. Lokasi strategis, dekat dengan pusat kota. Pasti balik lagi!"
Griya Inayah Syariah,Bandar Lampung,Hotel,4.5,268,111000,8464,"Wi-Fi gratis, Parkir gratis, AC, Wi-Fi","Kamarnya bersih dan nyaman. Kasurnya empuk banget, tidur jadi nyenyak. Sarapannya enak dan variatif. Staf sangat ramah dan siap membantu. Lokasi strategis, dekat dengan pusat kota. Pasti balik lagi!"
Dancenter Guest House Omah Anakku,Bandar Lampung,Hotel,4.3,29,135000,3958,"Wi-Fi gratis, Parkir gratis, AC, Wi-Fi",Pengalaman menginap yang sangat menyenangkan. Kamar bersih dan wangi. Pilihan sarapan bervariasi. Staf responsif dan profesional. Fasilitas lengkap. Akan kembali lagi di kunjungan berikutnya.
King Homestay By Roho,Bandar Lampung,Hotel,4.5,64,144000,5143,"Wi-Fi gratis, Parkir gratis, AC, Wi-Fi","Tempatnya nyaman dan tenang. Jauh dari kebisingan kota tapi tetap strategis. Kamar ber-AC dingin, kasur nyaman, toilet bersih. Layanan kamar 24 jam sangat membantu. Sangat puas!"
CIKOMI KOSTEL,Bandar Lampung,Hotel,4.2,15,180000,3409,"Wi-Fi gratis, Parkir gratis, AC, Wi-Fi","Tempatnya nyaman dan tenang. Jauh dari kebisingan kota tapi tetap strategis. Kamar ber-AC dingin, kasur nyaman, toilet bersih. Layanan kamar 24 jam sangat membantu. Sangat puas!"
RedDoorz Plus Syariah near Museum Lampung,Bandar Lampung,Hotel,4.4,122,187000,7291,"Wi-Fi gratis, Parkir gratis, AC, Sarapan","Tempatnya nyaman dan tenang. Jauh dari kebisingan kota tapi tetap strategis. Kamar ber-AC dingin, kasur nyaman, toilet bersih. Layanan kamar 24 jam sangat membantu. Sangat puas!"
Raja Soeta Express Syariah,Bandar Lampung,Hotel,4.6,369,177000,5647,"Wi-Fi gratis, Parkir gratis, AC, Sarapan","Hotel yang solid untuk harganya. Tidak ada yang mengecewakan selama menginap. Sarapannya enak, staf ramah, kamar bersih. Wi-Fi lancar untuk kerja. Value for money banget!"
iStay / RedDoorz Plus @ Kedaton Lampung,Bandar Lampung,Hotel,4.4,62,215000,10239,"Wi-Fi gratis, Parkir gratis, AC, Sarapan","Tempatnya nyaman dan tenang. Jauh dari kebisingan kota tapi tetap strategis. Kamar ber-AC dingin, kasur nyaman, toilet bersih. Layanan kamar 24 jam sangat membantu. Sangat puas!"
Divka Residence,Bandar Lampung,Hotel,3.8,604,86600,3059,"Wi-Fi gratis, Parkir gratis, AC, Sarapan","Tempatnya nyaman dan tenang. Jauh dari kebisingan kota tapi tetap strategis. Kamar ber-AC dingin, kasur nyaman, toilet bersih. Layanan kamar 24 jam sangat membantu. Sangat puas!"
LUMMAY Cafe & Resto,Lampung Selatan,Kuliner,4.9,64,50000,10007,"Ruang VIP tersedia, AC, parkir luas, toilet bersih, mushola, kasir digital, menu vegetarian tersedia, katering","Makanan enak, view bagus, private"
Pandan Sebalang Beach Cafe & Resto,Lampung Selatan,Kuliner,4.3,102,25000,3097,"Ruang VIP tersedia, AC, parkir luas, toilet bersih, mushola, kasir digital, menu vegetarian tersedia, katering","asik untuk nongkrong, nyemil dan menikmati sunset."
Wrg Makan Sukamaju,Lampung Selatan,Kuliner,4.7,34,25000,3158,"Tempat parkir luas, toilet umum, area makan indoor/outdoor, taman bermain anak, Wi-Fi, live cooking",Sayur asem nya mantap..klu bsa di lebihin syur nya ..agak bnyakan..
Rakata Restaurant,Lampung Selatan,Kuliner,4.6,146,50000,4832,"Parkir gratis, toilet, area makan terbuka dengan pemandangan alam, spot foto instagramable, Wi-Fi, kursi outdoor","Menu makanan enak...pelayanannya OK
 
 View nya ingat kampung"
Saung Pelipur Lapar Alam Sampang,Lampung Selatan,Kuliner,4.2,112,50000,1108,"Parkir, mushola, kamar mandi, area lesehan karpet, meja panjang untuk rombongan, AC, kulkas minuman sendiri",rekomended bgt buat makan dg keluarga/ teman kantor.. murah enak
Rumah Makan Alam Mutiara,Lampung Selatan,Kuliner,4.1,851,30000,3630,"Area parkir memadai, toilet, wastafel, ruang makan ber-AC, live music setiap akhir pekan, layanan pesan antar","Enak rasanya, pilihan lauknya ayam gulai, lele, telur dan pergedel."
Kedhaikoe,Lampung Selatan,Kuliner,4.9,15,100000,5442,"Parkir gratis, toilet, area makan terbuka dengan pemandangan alam, spot foto instagramable, Wi-Fi, kursi outdoor",Makan di tempat
Lesehan Simpur Kuring,Lampung Selatan,Kuliner,4.4,160,25000,11938,"Ruang VIP tersedia, AC, parkir luas, toilet bersih, mushola, kasir digital, menu vegetarian tersedia, katering","Saya pesan ayam bakar, sop iga, pindang patin, cumi, dan ayam goreng."
RM Pondok Air Panas Kalianda Bawah,Lampung Selatan,Kuliner,4.2,629,50000,947,"Parkir gratis, toilet, area makan terbuka dengan pemandangan alam, spot foto instagramable, Wi-Fi, kursi outdoor","Udangnya gemuk + bersih banget dibelah gitu, harganya juga ekonomis."
Ikan Bakar Kalianda ( I B K ),Lampung Selatan,Kuliner,4.6,326,25000,9049,"Parkir motor & mobil, mushola, kamar mandi bersih, area lesehan, gazebo outdoor, Wi-Fi, paket catering tersedia","Ikannya fresh, menunya cukup variatif, harganya murah, tempatnya bersih."
Rumah Makan Raja Liwet Kalianda,Lampung Selatan,Kuliner,4.3,305,50000,3185,"Parkir motor & mobil, mushola, kamar mandi bersih, area lesehan, gazebo outdoor, Wi-Fi, paket catering tersedia","Makanan enakk, harga terjangkau, tempat makan terrekomendasi di kalianda"
Sebalang Senja,Lampung Selatan,Kuliner,4.5,38,30000,5426,"Ruang VIP tersedia, AC, parkir luas, toilet bersih, mushola, kasir digital, menu vegetarian tersedia, katering","Tempat untuk menikmati pemandangan pantai sebalang, byk jg disana pondokÂ²"
Pondok Makan Ruang Tengah,Lampung Selatan,Kuliner,4.5,17,30000,10041,"Parkir, mushola, kamar mandi, area lesehan karpet, meja panjang untuk rombongan, AC, kulkas minuman sendiri",Kereennnn suasananya
Rumah Makan Srikandi,Lampung Selatan,Kuliner,4.2,193,30000,1322,"Ruang VIP tersedia, AC, parkir luas, toilet bersih, mushola, kasir digital, menu vegetarian tersedia, katering","Menu makanannya enak-enak, crew yang bertugas ramah-ramah."
Dermaga Boom Seafood,Lampung Selatan,Kuliner,4.4,368,30000,3685,"Parkir gratis, toilet, area makan terbuka dengan pemandangan alam, spot foto instagramable, Wi-Fi, kursi outdoor","Rasa makanannya sangat recommended, enak dan segar!"
Warung Makan 'TIGA PUTRI' KM 20B,Lampung Selatan,Kuliner,4.5,34,30000,8050,"Parkir gratis, toilet, area makan terbuka dengan pemandangan alam, spot foto instagramable, Wi-Fi, kursi outdoor","Ada jg pujasera yg di kilometer berbeda, menu nya macam-macam."
Black Kettle Cafe - Kalianda,Lampung Selatan,Kuliner,4.8,12,30000,8974,"Parkir motor & mobil, mushola, kamar mandi bersih, area lesehan, gazebo outdoor, Wi-Fi, paket catering tersedia",Sudah tutup sekarang menjadi arena bermain gokart
WR.MAK JUN,Lampung Selatan,Kuliner,4.7,12,30000,3653,"Parkir, mushola, kamar mandi, area lesehan karpet, meja panjang untuk rombongan, AC, kulkas minuman sendiri","Rasanya enak, harga terjangkau, ternyata ready bakso juga rasanya enakðŸ‘"
SDP Cafe,Lampung Selatan,Kuliner,4.4,93,25000,8862,"Area parkir memadai, toilet, wastafel, ruang makan ber-AC, live music setiap akhir pekan, layanan pesan antar","Makananya enak,tempatnya keren,harganya murahhh bgt"
RUMAH MAKAN SUMBER MAKMUR,Lampung Selatan,Kuliner,4.7,14,25000,6441,"Tempat parkir luas, toilet umum, area makan indoor/outdoor, taman bermain anak, Wi-Fi, live cooking","Pemilik ramah, makanan enak dan harga terjangkau."
Bebek Mas Mun BakauHeni,Lampung Selatan,Kuliner,4.4,13,30000,7088,"Area parkir memadai, toilet, wastafel, ruang makan ber-AC, live music setiap akhir pekan, layanan pesan antar",Mantap ada lalapan ayam terjangkau.
Rumah Makan Pakde Rahmat Kebumen,Lampung Selatan,Kuliner,4.4,69,30000,4684,"Ruang VIP tersedia, AC, parkir luas, toilet bersih, mushola, kasir digital, menu vegetarian tersedia, katering","Oke dan nyaman, harga makanan juga masih standar,"
WR. MAKAN MANGUT MBA LIS,Lampung Selatan,Kuliner,4.6,17,30000,8794,"Parkir gratis, toilet, area makan terbuka dengan pemandangan alam, spot foto instagramable, Wi-Fi, kursi outdoor","Makanannya enak enak, harga nya terjangkau."
Rumah Makan TIGA FAMILY,Lampung Selatan,Kuliner,4.3,112,30000,3995,"Area parkir memadai, toilet, wastafel, ruang makan ber-AC, live music setiap akhir pekan, layanan pesan antar","Tempat nya bersih, makanan nya enak, pokok nya mantul deh"
Tirtasari Resto Cafe n Steak,Lampung Selatan,Kuliner,3.9,12,30000,3093,"Parkir, mushola, kamar mandi, area lesehan karpet, meja panjang untuk rombongan, AC, kulkas minuman sendiri",Pdhal deket bgt dri rumah.
Rumah Makan Bundo,Lampung Selatan,Kuliner,4.3,52,30000,2464,"Parkir, mushola, kamar mandi, area lesehan karpet, meja panjang untuk rombongan, AC, kulkas minuman sendiri",Murah dan enak
Rumah Makan Pindang Pegagan,Lampung Selatan,Kuliner,4.1,301,30000,3342,"Parkir gratis, toilet, area makan terbuka dengan pemandangan alam, spot foto instagramable, Wi-Fi, kursi outdoor",Pernah makan disini dan pindangnya luar biasa enak.
Sawung Java Resto,Lampung Selatan,Kuliner,3.8,30,30000,3869,"Parkir luas, toilet bersih, mushola, area makan indoor dan outdoor, AC, Wi-Fi gratis, kursi bayi tersedia, area bebas rokok",Alhamdulillah Ok..ðŸ‘ðŸ‘
Rumah Makan Beringin Jaya,Lampung Selatan,Kuliner,4.1,38,30000,1433,"Parkir motor & mobil, mushola, kamar mandi bersih, area lesehan, gazebo outdoor, Wi-Fi, paket catering tersedia","Pemiliknya agamis, in syaa Allah halal."
Ayam Bakar Sartika,Lampung Selatan,Kuliner,4.3,450,50000,1769,"Tempat parkir luas, toilet umum, area makan indoor/outdoor, taman bermain anak, Wi-Fi, live cooking",Makanannya mantapp.. ayam bakar dan tongseng jadi menu favorit..
Warung Nasi Pak Nana,Lampung Selatan,Kuliner,4.6,34,25000,5662,"Parkir gratis, toilet, area makan terbuka dengan pemandangan alam, spot foto instagramable, Wi-Fi, kursi outdoor","Dan murah, enak, porsi kenyang."
RM Ibu wawan,Lampung Selatan,Kuliner,4.1,267,30000,1525,"Tempat parkir luas, toilet umum, area makan indoor/outdoor, taman bermain anak, Wi-Fi, live cooking",Cuman ayam + nasi ama kuah sayurnya aja.
Tiga Saudara Empat Rumah Makan,Lampung Selatan,Kuliner,3.7,1048,30000,2488,"Parkir, mushola, kamar mandi, area lesehan karpet, meja panjang untuk rombongan, AC, kulkas minuman sendiri","Tempat luas, rasa makanan enak, harga lumayan, prasmanan masakan padang"
RM Ayam Penyet Ibu Mawardi,Lampung Selatan,Kuliner,4.5,12,30000,3406,"Parkir gratis, toilet, area makan terbuka dengan pemandangan alam, spot foto instagramable, Wi-Fi, kursi outdoor",Sangat puas dan mudah
Pecel Lele/Ayam Bakar Sopo/Ora Nyono Kalianda,Lampung Selatan,Kuliner,4.6,64,50000,5938,"Parkir gratis, toilet, area makan terbuka dengan pemandangan alam, spot foto instagramable, Wi-Fi, kursi outdoor","Ramah pelayanannya, enak makananya, nyaman tempat dipinggir jalan"
RM Wisata Minan,Lampung Selatan,Kuliner,3.6,1682,30000,3816,"Tempat parkir luas, toilet umum, area makan indoor/outdoor, taman bermain anak, Wi-Fi, live cooking","Cukup luas, toilet dan musholah bersih, harga makanan pun relatif murah"
IKAN BAKAR ALIN,Lampung Selatan,Kuliner,4.2,14,50000,2160,"Parkir, mushola, kamar mandi, area lesehan karpet, meja panjang untuk rombongan, AC, kulkas minuman sendiri",Makan di tempat
Bakso Sapi Dan Mie Ayam Moro Seneng,Lampung Selatan,Kuliner,4.3,111,25000,2486,"Parkir, mushola, kamar mandi, area lesehan karpet, meja panjang untuk rombongan, AC, kulkas minuman sendiri","Tempatnya enak, makanan juga enak pokoknya serba enak"
Soto Bokong Mas Agus,Lampung Selatan,Kuliner,4.6,161,25000,7065,"Tempat parkir luas, toilet umum, area makan indoor/outdoor, taman bermain anak, Wi-Fi, live cooking","Sotonya gurih, seger dengan ayam kampung goreng yg makin nikmat rasanya."
Warung Kis Dimsum,Lampung Selatan,Kuliner,4.5,2,50000,7371,"Area parkir memadai, toilet, wastafel, ruang makan ber-AC, live music setiap akhir pekan, layanan pesan antar",Makan di tempat
Lapo Sidowaluyo,Lampung Selatan,Kuliner,4.3,14,50000,1452,"Parkir gratis, toilet, area makan terbuka dengan pemandangan alam, spot foto instagramable, Wi-Fi, kursi outdoor",Mantap kalii bah
RM Do'a Ibu,Lampung Selatan,Kuliner,4.1,60,30000,3672,"Parkir luas, toilet bersih, mushola, area makan indoor dan outdoor, AC, Wi-Fi gratis, kursi bayi tersedia, area bebas rokok","Menunya cocok
 Rasanya mantap"
RM Minang Jaya,Lampung Selatan,Kuliner,4.2,58,100000,1242,"Area parkir memadai, toilet, wastafel, ruang makan ber-AC, live music setiap akhir pekan, layanan pesan antar",Sekarang ganti cahayo Minang cabang gayam
Rumah Makan Kopita Jaya,Lampung Selatan,Kuliner,4.1,80,25000,2366,"Ruang VIP tersedia, AC, parkir luas, toilet bersih, mushola, kasir digital, menu vegetarian tersedia, katering",Makan di tempat
Rumah Makan PANCARAN,Lampung Selatan,Kuliner,4.3,6,50000,958,"Ruang VIP tersedia, AC, parkir luas, toilet bersih, mushola, kasir digital, menu vegetarian tersedia, katering",Makan di tempat
Warung Makan Joglo Nda Nde,Lampung Selatan,Kuliner,3.8,32,25000,2727,"Parkir motor & mobil, mushola, kamar mandi bersih, area lesehan, gazebo outdoor, Wi-Fi, paket catering tersedia",Kalau udah cape istirahat dan beli makan di sini
RM. Bukit Kahuripan,Lampung Selatan,Kuliner,4.6,8,50000,6644,"Parkir, mushola, kamar mandi, area lesehan karpet, meja panjang untuk rombongan, AC, kulkas minuman sendiri",Makan di tempat
SAUNG IKAN BAKAR BU NONG,Lampung Selatan,Kuliner,4.3,128,30000,1617,"Parkir luas, toilet bersih, mushola, area makan indoor dan outdoor, AC, Wi-Fi gratis, kursi bayi tersedia, area bebas rokok","Enak, harga relatif murah."
RM. Sunda,Lampung Selatan,Kuliner,4.1,12,30000,2685,"Parkir, mushola, kamar mandi, area lesehan karpet, meja panjang untuk rombongan, AC, kulkas minuman sendiri",Makan di tempat
Rumah Makan Ibu Wawan 2,Lampung Selatan,Kuliner,4.3,63,30000,2232,"Parkir, mushola, kamar mandi, area lesehan karpet, meja panjang untuk rombongan, AC, kulkas minuman sendiri",Pesan nasi ayam goreng dapat lalapan + sambal per porsi 25rb.
Rumah makan kangsapon2,Lampung Selatan,Kuliner,4.5,12,30000,8000,"Parkir gratis, toilet, area makan terbuka dengan pemandangan alam, spot foto instagramable, Wi-Fi, kursi outdoor",Sate ayam ok
Soto Pantes,Lampung Selatan,Kuliner,4.5,15,30000,6728,"Parkir luas, toilet bersih, mushola, area makan indoor dan outdoor, AC, Wi-Fi gratis, kursi bayi tersedia, area bebas rokok",Makan di tempat
Pondok Sate Berkah,Lampung Selatan,Kuliner,4.7,18,30000,6652,"Ruang VIP tersedia, AC, parkir luas, toilet bersih, mushola, kasir digital, menu vegetarian tersedia, katering",Muantapnya PooL Joss
Rumah Makan 3R,Lampung Selatan,Kuliner,5,3,30000,3387,"Parkir gratis, toilet, area makan terbuka dengan pemandangan alam, spot foto instagramable, Wi-Fi, kursi outdoor",Ikan bakarnya enak banget ðŸ¤¤
warung nasi mama rin,Lampung Selatan,Kuliner,4.1,19,25000,3503,"Parkir luas, toilet bersih, mushola, area makan indoor dan outdoor, AC, Wi-Fi gratis, kursi bayi tersedia, area bebas rokok",Makan di tempat
Warung Indah Rasa,Lampung Selatan,Kuliner,5,3,25000,6164,"Tempat parkir luas, toilet umum, area makan indoor/outdoor, taman bermain anak, Wi-Fi, live cooking",Makan di tempat
NasiGudeg12000SawungJavaResto,Lampung Selatan,Kuliner,4,1,30000,2432,"Area parkir memadai, toilet, wastafel, ruang makan ber-AC, live music setiap akhir pekan, layanan pesan antar",Makan di tempat
Rumah Makan Ikan Bakar Bungas Raya,Lampung Selatan,Kuliner,4.5,4,30000,8378,"Parkir gratis, toilet, area makan terbuka dengan pemandangan alam, spot foto instagramable, Wi-Fi, kursi outdoor",Makan di tempat
Warung makan mbaklita,Lampung Selatan,Kuliner,4.6,8,30000,7564,"Parkir, mushola, kamar mandi, area lesehan karpet, meja panjang untuk rombongan, AC, kulkas minuman sendiri",Makan di tempat
RM. Mbok Sita,Lampung Selatan,Kuliner,3.8,49,30000,1084,"Tempat parkir luas, toilet umum, area makan indoor/outdoor, taman bermain anak, Wi-Fi, live cooking",Makan di tempat
Warung Makan Nasi Uduk Bude Tun,Lampung Selatan,Kuliner,4.3,20,30000,3967,"Area parkir memadai, toilet, wastafel, ruang makan ber-AC, live music setiap akhir pekan, layanan pesan antar",Enak g bosen makan disini
Bakso Hari Canggu,Lampung Selatan,Kuliner,4.3,178,30000,1943,"Parkir luas, toilet bersih, mushola, area makan indoor dan outdoor, AC, Wi-Fi gratis, kursi bayi tersedia, area bebas rokok","bakso nya enak, apalagi mie ayamnya enak bgt"
Pecel Lele Wong Candipuro,Lampung Selatan,Kuliner,4.5,14,30000,8753,"Parkir gratis, toilet, area makan terbuka dengan pemandangan alam, spot foto instagramable, Wi-Fi, kursi outdoor","Enak rasanya, harga standar"
BAKSO & AYAM GEPREK DESHINTYA,Lampung Selatan,Kuliner,4.4,63,30000,11346,"Parkir, mushola, kamar mandi, area lesehan karpet, meja panjang untuk rombongan, AC, kulkas minuman sendiri","Rasanya luar biasa, ayam geprek super mom wenaaak Mak nyos !"
RM Sukamenanti dua,Lampung Selatan,Kuliner,3.6,63,30000,2437,"Parkir motor & mobil, mushola, kamar mandi bersih, area lesehan, gazebo outdoor, Wi-Fi, paket catering tersedia",Makan di tempat
Rm Suci Indah,Lampung Selatan,Kuliner,4.9,9,50000,11785,"Parkir motor & mobil, mushola, kamar mandi bersih, area lesehan, gazebo outdoor, Wi-Fi, paket catering tersedia",Makan di tempat
Rumah Makan Yen Fa,Lampung Selatan,Kuliner,4.4,521,25000,8425,"Ruang VIP tersedia, AC, parkir luas, toilet bersih, mushola, kasir digital, menu vegetarian tersedia, katering","Makanan enak, harganya reasonable, tempat nya rada kecil"
Olahan Ikan bandeng,Lampung Selatan,Kuliner,4.5,24,30000,3452,"Tempat parkir luas, toilet umum, area makan indoor/outdoor, taman bermain anak, Wi-Fi, live cooking",Makan di tempat
Pempek Belle Kalianda,Lampung Selatan,Kuliner,4.4,111,30000,4889,"Parkir gratis, toilet, area makan terbuka dengan pemandangan alam, spot foto instagramable, Wi-Fi, kursi outdoor","enaak, murmer, dine in kurang luas kalo bawa keluarga besar ðŸ˜"
Otak-otak Ibu Hj. Mastupah,Lampung Selatan,Kuliner,4.6,55,30000,7279,"Tempat parkir luas, toilet umum, area makan indoor/outdoor, taman bermain anak, Wi-Fi, live cooking",Harga 1 dus itu 50rb.
RM. AYAM GORENG MBOK SITA.,Lampung Selatan,Kuliner,4.2,43,50000,1531,"Parkir luas, toilet bersih, mushola, area makan indoor dan outdoor, AC, Wi-Fi gratis, kursi bayi tersedia, area bebas rokok",Menu ayam goreng kampung bakarnya memang enak banget.
"Rm Dadan &Rosita ,,Warung Nasi Teh Elis2",Lampung Selatan,Kuliner,4.3,3,30000,3178,"Parkir, mushola, kamar mandi, area lesehan karpet, meja panjang untuk rombongan, AC, kulkas minuman sendiri",Makan di tempat
Saung Nasi Nisa Rawi,Lampung Selatan,Kuliner,4.6,8,50000,7349,"Parkir motor & mobil, mushola, kamar mandi bersih, area lesehan, gazebo outdoor, Wi-Fi, paket catering tersedia",Tempatnya bersih
rumah makan non muslim,Lampung Selatan,Kuliner,5,3,25000,3626,"Parkir, mushola, kamar mandi, area lesehan karpet, meja panjang untuk rombongan, AC, kulkas minuman sendiri",pesan bisa porsi ramean.. recomended lah
RM Merindu,Lampung Selatan,Kuliner,4.2,20,25000,1244,"Tempat parkir luas, toilet umum, area makan indoor/outdoor, taman bermain anak, Wi-Fi, live cooking",Setidaknya Kasih Gambar ðŸ“·Menu Makananya .
Rumah makan,Lampung Selatan,Kuliner,4,27,50000,3243,"Parkir, mushola, kamar mandi, area lesehan karpet, meja panjang untuk rombongan, AC, kulkas minuman sendiri","Halal, tempat nyaman, Enak Loh.m"
rumah makan 3 saudara,Lampung Selatan,Kuliner,4,89,50000,2579,"Ruang VIP tersedia, AC, parkir luas, toilet bersih, mushola, kasir digital, menu vegetarian tersedia, katering",sejak ada tol sumatra sepi pengunjung
Warung Zenai,Lampung Selatan,Kuliner,5,2,30000,8663,"Parkir gratis, toilet, area makan terbuka dengan pemandangan alam, spot foto instagramable, Wi-Fi, kursi outdoor",Ayo beli beli
Mie Ayam Bakso El Ratu,Lampung Selatan,Kuliner,4.7,29,100000,8139,"Parkir motor & mobil, mushola, kamar mandi bersih, area lesehan, gazebo outdoor, Wi-Fi, paket catering tersedia",mantap selalu bikin rindu kampung halaman makan bakso ini ðŸ˜Š
Rumah Makan Kopita Jaya,Lampung Selatan,Kuliner,3.8,60,25000,2587,"Tempat parkir luas, toilet umum, area makan indoor/outdoor, taman bermain anak, Wi-Fi, live cooking",Makan di tempat
Seblak prasmanan Almeera's kitchen,Lampung Selatan,Kuliner,5,2,50000,11379,"Tempat parkir luas, toilet umum, area makan indoor/outdoor, taman bermain anak, Wi-Fi, live cooking",rs nya mantap tempatnya strategis
Rumah Makan & Penginapan Mini Khas Atas,Lampung Selatan,Kuliner,4.2,13,25000,1273,"Parkir, mushola, kamar mandi, area lesehan karpet, meja panjang untuk rombongan, AC, kulkas minuman sendiri",Makan di tempat
rumah makan berkah bundo,Lampung Selatan,Kuliner,5,2,50000,9311,"Parkir gratis, toilet, area makan terbuka dengan pemandangan alam, spot foto instagramable, Wi-Fi, kursi outdoor",Makan di tempat
Warung bang mian Ikan Bakar Cumi Bakar Minang rua Beach,Lampung Selatan,Kuliner,4.4,10,30000,6114,"Parkir, mushola, kamar mandi, area lesehan karpet, meja panjang untuk rombongan, AC, kulkas minuman sendiri",maknan dan minuman sehat dan berkualitas dengn harga yang merakyat
Rumah Makan Siger 741,Lampung Selatan,Kuliner,3.9,59,30000,1843,"Ruang VIP tersedia, AC, parkir luas, toilet bersih, mushola, kasir digital, menu vegetarian tersedia, katering",Saat ini rumah makan ini sedang tutup
Bakso dan Mie Ayam HARI,Lampung Selatan,Kuliner,4.3,569,30000,981,"Parkir luas, toilet bersih, mushola, area makan indoor dan outdoor, AC, Wi-Fi gratis, kursi bayi tersedia, area bebas rokok","mie ayam nya di atas standar menurut ku
 bakso nya juga enak."
Bakso Dan Mie Ayam Dua Putri,Lampung Selatan,Kuliner,4.6,10,30000,10144,"Ruang VIP tersedia, AC, parkir luas, toilet bersih, mushola, kasir digital, menu vegetarian tersedia, katering",Makan di tempat
Alas Cobek - Restoran Keluarga & Nasi Kotak,Lampung Selatan,Kuliner,4.6,1194,30000,3027,"Parkir luas, toilet bersih, mushola, area makan indoor dan outdoor, AC, Wi-Fi gratis, kursi bayi tersedia, area bebas rokok","Recomended banget, enak banget makan disini, pelayanannya juga enak"
Bakso Dan Mie Ayam Dua Putri Cabang Pematang Pasir,Lampung Selatan,Kuliner,4.8,17,30000,11518,"Area parkir memadai, toilet, wastafel, ruang makan ber-AC, live music setiap akhir pekan, layanan pesan antar",Tempat langganan..
Rumah Makan Bebek Kebon Jati,Lampung Selatan,Kuliner,4.6,525,30000,11821,"Tempat parkir luas, toilet umum, area makan indoor/outdoor, taman bermain anak, Wi-Fi, live cooking",makanannya enak enak menunya banyak dan harganya murah banget
Sate Padang Pagi Sore,Lampung Selatan,Kuliner,4.3,51,25000,3613,"Tempat parkir luas, toilet umum, area makan indoor/outdoor, taman bermain anak, Wi-Fi, live cooking",Rasanya enak
Kawung Diatas Awan,Lampung Selatan,Kuliner,4.5,515,25000,6228,"Parkir motor & mobil, mushola, kamar mandi bersih, area lesehan, gazebo outdoor, Wi-Fi, paket catering tersedia","Nyobain sate ayam 8.5/10, nasi jeruk cajun beef 8.5/10, soto daging 8/10."
pondok sate m saleh 1 kalianda,Lampung Selatan,Kuliner,4.2,22,30000,2291,"Area parkir memadai, toilet, wastafel, ruang makan ber-AC, live music setiap akhir pekan, layanan pesan antar","Satenya enak, harga terjangkau"
LESTARI RESTO & CAFE,Lampung Selatan,Kuliner,4.6,22,30000,10066,"Tempat parkir luas, toilet umum, area makan indoor/outdoor, taman bermain anak, Wi-Fi, live cooking",Tempatnya ga terlalu besar tapi rapi dan bersih.
Urban Style Hotel Azana Hotels Collection,Pringsewu,Hotel,4.5,2742,0,4146,"Wi-Fi gratis, Parkir gratis, AC, Wi-Fi",Pengalaman menginap yang sangat menyenangkan. Kamar bersih dan wangi. Pilihan sarapan bervariasi. Staf responsif dan profesional. Fasilitas lengkap. Akan kembali lagi di kunjungan berikutnya.
Cendrawasih Syariah Homestay,Pringsewu,Hotel,4.1,194,0,3520,"Wi-Fi gratis, Parkir gratis, AC, Wi-Fi",Pelayanan prima dari check-in hingga check-out. Kamar luas dan terawat. Kolam renangnya bersih. Sarapan bufetnya memuaskan. Harga sepadan dengan fasilitas. Recommended untuk keluarga!
Urban Style Hotel Azana Hotels Collection,Pringsewu,Hotel,4.5,2742,0,8409,"Wi-Fi gratis, Parkir gratis, AC, Wi-Fi","Hotel yang solid untuk harganya. Tidak ada yang mengecewakan selama menginap. Sarapannya enak, staf ramah, kamar bersih. Wi-Fi lancar untuk kerja. Value for money banget!"
Regency Hotel Pringsewu,Pringsewu,Hotel,4.2,908,0,3352,"Wi-Fi gratis, Parkir gratis, AC, Wi-Fi","Kamarnya bersih dan nyaman. Kasurnya empuk banget, tidur jadi nyenyak. Sarapannya enak dan variatif. Staf sangat ramah dan siap membantu. Lokasi strategis, dekat dengan pusat kota. Pasti balik lagi!"
YR GUEST HOUSE,Pringsewu,Hotel,3,56,0,421,"Wi-Fi gratis, Parkir gratis, AC, Wi-Fi",Pengalaman menginap yang sangat menyenangkan. Kamar bersih dan wangi. Pilihan sarapan bervariasi. Staf responsif dan profesional. Fasilitas lengkap. Akan kembali lagi di kunjungan berikutnya.
NIRINA Homestay,Pringsewu,Hotel,3.9,29,0,3517,"Wi-Fi gratis, Parkir gratis, AC, Wi-Fi","Tempatnya nyaman dan tenang. Jauh dari kebisingan kota tapi tetap strategis. Kamar ber-AC dingin, kasur nyaman, toilet bersih. Layanan kamar 24 jam sangat membantu. Sangat puas!"
Urbanview Hotel SLIP Pringsewu by RedDoorz,Pringsewu,Hotel,4.3,31,0,1310,"Wi-Fi gratis, Parkir gratis, AC, Wi-Fi","Kamarnya bersih dan nyaman. Kasurnya empuk banget, tidur jadi nyenyak. Sarapannya enak dan variatif. Staf sangat ramah dan siap membantu. Lokasi strategis, dekat dengan pusat kota. Pasti balik lagi!"
Urbanview Hotel Pondok Indah Pringsewu By RedDoorz,Pringsewu,Hotel,3.8,64,0,3748,"Wi-Fi gratis, Parkir gratis, AC, Wi-Fi",Pengalaman menginap yang sangat menyenangkan. Kamar bersih dan wangi. Pilihan sarapan bervariasi. Staf responsif dan profesional. Fasilitas lengkap. Akan kembali lagi di kunjungan berikutnya.
Cendrawasih Syariah Homestay,Pringsewu,Hotel,4.1,194,0,2030,"Wi-Fi gratis, Parkir gratis, AC, Wi-Fi","Hotel yang solid untuk harganya. Tidak ada yang mengecewakan selama menginap. Sarapannya enak, staf ramah, kamar bersih. Wi-Fi lancar untuk kerja. Value for money banget!"
Urban Point Penginapan & Kost Exclusive,Pringsewu,Hotel,4.2,193,0,2877,"Wi-Fi gratis, Parkir gratis, AC, Wi-Fi","Tempatnya nyaman dan tenang. Jauh dari kebisingan kota tapi tetap strategis. Kamar ber-AC dingin, kasur nyaman, toilet bersih. Layanan kamar 24 jam sangat membantu. Sangat puas!"
Royal Marisa Hotel,Pringsewu,Hotel,3.8,231,0,2066,"Wi-Fi gratis, Parkir gratis, AC, Wi-Fi","Hotel yang solid untuk harganya. Tidak ada yang mengecewakan selama menginap. Sarapannya enak, staf ramah, kamar bersih. Wi-Fi lancar untuk kerja. Value for money banget!"
Balong Kuring,Pringsewu,Hotel,3.9,558,0,3531,"Wi-Fi gratis, Parkir gratis, AC, Wi-Fi",Pengalaman menginap yang sangat menyenangkan. Kamar bersih dan wangi. Pilihan sarapan bervariasi. Staf responsif dan profesional. Fasilitas lengkap. Akan kembali lagi di kunjungan berikutnya.
Hotel Bukit Sarinongko,Pringsewu,Hotel,3.9,85,0,2472,"Wi-Fi gratis, Parkir gratis, AC, Wi-Fi","Kamarnya bersih dan nyaman. Kasurnya empuk banget, tidur jadi nyenyak. Sarapannya enak dan variatif. Staf sangat ramah dan siap membantu. Lokasi strategis, dekat dengan pusat kota. Pasti balik lagi!"
OYO HOMES 91255 Desa Wisata Embung Purworejo Syariah,Pringsewu,Hotel,3.1,10,0,434,"Wi-Fi gratis, Parkir gratis, AC, Wi-Fi",Pelayanan prima dari check-in hingga check-out. Kamar luas dan terawat. Kolam renangnya bersih. Sarapan bufetnya memuaskan. Harga sepadan dengan fasilitas. Recommended untuk keluarga!
OYO 3983 Balong Kuring Syariah Pringsewu,Pringsewu,Hotel,2.4,14,0,512,"Wi-Fi gratis, Parkir gratis, AC, Wi-Fi","Tempatnya nyaman dan tenang. Jauh dari kebisingan kota tapi tetap strategis. Kamar ber-AC dingin, kasur nyaman, toilet bersih. Layanan kamar 24 jam sangat membantu. Sangat puas!"
Losmen Grand Wisata,Pringsewu,Hotel,4,187,0,3655,"Wi-Fi gratis, Parkir gratis, AC, Wi-Fi","Hotel yang solid untuk harganya. Tidak ada yang mengecewakan selama menginap. Sarapannya enak, staf ramah, kamar bersih. Wi-Fi lancar untuk kerja. Value for money banget!"
Pringombo Homestay 2,Pringsewu,Hotel,4.3,110,0,2011,"Wi-Fi gratis, Parkir gratis, AC, Wi-Fi","Kamarnya bersih dan nyaman. Kasurnya empuk banget, tidur jadi nyenyak. Sarapannya enak dan variatif. Staf sangat ramah dan siap membantu. Lokasi strategis, dekat dengan pusat kota. Pasti balik lagi!"
D'Grand Melati,Pringsewu,Hotel,4.4,127,0,5085,"Wi-Fi gratis, Parkir gratis, AC, Wi-Fi","Kamarnya bersih dan nyaman. Kasurnya empuk banget, tidur jadi nyenyak. Sarapannya enak dan variatif. Staf sangat ramah dan siap membantu. Lokasi strategis, dekat dengan pusat kota. Pasti balik lagi!"
Masaya Cafe & Eatery,Pringsewu,Cafe,4.9,298,30000,6143,"Wi-Fi kencang, colokan listrik di setiap meja, AC, parkir motor, toilet bersih, menu vegan, outdoor seating","menu favorit ricebowl chicken matah, matcha seasalt latte"
Kae.space,Pringsewu,Cafe,4.6,90,30000,9888,"Cozy corner tersedia, AC, Wi-Fi gratis, charging station, toilet, parkir motor & mobil, snack box untuk takeaway",aesthetic & lucu bgt tiap sudutnya!!
semesta coffee & space,Pringsewu,Cafe,4.1,196,30000,3523,"Wi-Fi kencang, colokan listrik di setiap meja, AC, parkir motor, toilet bersih, menu vegan, outdoor seating",Nama lainya
Habis Senja Coffee & Resto,Pringsewu,Cafe,4.9,12,30000,9211,"Study corner, Wi-Fi 50Mbps, colokan banyak, AC, mushola, parkir, wastafel, menu all-day breakfast",Coffee ny enak banget sama Snack ny juga enak gayss
Cafe Pawon Sekeco,Pringsewu,Cafe,4.6,75,30000,5851,"Booth cantik untuk foto, Wi-Fi, AC, parkir motor, kursi ergonomis, stop kontak, menu kopi specialty","Suasananya nyaman, masakannya ok, tapi sayang sambalnya kurang enak."
Archa coffee and artspace,Pringsewu,Cafe,4.9,33,30000,7930,"Booth cantik untuk foto, Wi-Fi, AC, parkir motor, kursi ergonomis, stop kontak, menu kopi specialty","Mantap buat nyantai, dan menikmati kopi dan bebek brutalnya"
Delapan Enam Coffee,Pringsewu,Cafe,4.6,179,30000,9653,"Study corner, Wi-Fi 50Mbps, colokan banyak, AC, mushola, parkir, wastafel, menu all-day breakfast","Churros nya keras ðŸ¥²
 Gelas V60 & jug nya kegedean."
Balik Bukit Coffee and Dinning,Pringsewu,Cafe,4.5,181,30000,11977,"Wi-Fi kencang, colokan listrik di setiap meja, AC, parkir motor, toilet bersih, menu vegan, outdoor seating","baguss,kasir ramah dan cantik,meja bikiard dan"
Warunk Lesung,Pringsewu,Cafe,4.7,124,30000,3006,"Cozy corner tersedia, AC, Wi-Fi gratis, charging station, toilet, parkir motor & mobil, snack box untuk takeaway",Tempatnya nyaman dan makanan serta minuman nya menggoda.
El Zafran kafe dan lesehan,Pringsewu,Cafe,4.9,15,50000,7978,"Sofa nyaman, meja kerja panjang, Wi-Fi 100Mbps, colokan, AC, live acoustic music Jumat-Sabtu, parkir gratis",Makan di tempat
dsawah.idn,Pringsewu,Cafe,4.9,38,25000,7700,"Booth cantik untuk foto, Wi-Fi, AC, parkir motor, kursi ergonomis, stop kontak, menu kopi specialty",Tempatnya nyaman banget buat nongki nongki cantik
Manohara Cafe,Pringsewu,Cafe,4.6,70,30000,6443,"Suasana estetik, Wi-Fi, spot foto, AC, outdoor area, parkir, delivery via GoFood & GrabFood, menu seasonal","Wort it bngt nongki disinii ,makanannya enakk asle 10/10âœ¨âœ¨âœ¨"
Coffee Klasik,Pringsewu,Cafe,4.6,41,30000,10043,"Wi-Fi kencang, colokan listrik di setiap meja, AC, parkir motor, toilet bersih, menu vegan, outdoor seating",Untung nongkrong ngopi dan makan enak harganya terjangkau juga.
Cafe ABC Gading Rejo,Pringsewu,Cafe,4.2,208,30000,3175,"Wi-Fi kencang, colokan listrik di setiap meja, AC, parkir motor, toilet bersih, menu vegan, outdoor seating",Tempat nongkrong di daerah gadingrejo yang adem view sawah dan sejuk.
IDJN KOPI,Pringsewu,Cafe,4.9,110,50000,8279,"Suasana estetik, Wi-Fi, spot foto, AC, outdoor area, parkir, delivery via GoFood & GrabFood, menu seasonal",Bisa delivery minuman dan camilan.
Radio Saburai Pringsewu & Cafe Saburai,Pringsewu,Cafe,4.6,42,30000,10618,"Study corner, Wi-Fi 50Mbps, colokan banyak, AC, mushola, parkir, wastafel, menu all-day breakfast",Enak dan nyaman
4 Hood Cafe & Resto,Pringsewu,Cafe,4.9,10,50000,10238,"Wi-Fi kencang, colokan listrik di setiap meja, AC, parkir motor, toilet bersih, menu vegan, outdoor seating","jadi, nongkrong sambil memanjakan mata gituu"
Simpang Lima Coffee,Pringsewu,Cafe,4.4,56,25000,10244,"Suasana estetik, Wi-Fi, spot foto, AC, outdoor area, parkir, delivery via GoFood & GrabFood, menu seasonal",Makan di tempat
Kindjeng Cafe,Pringsewu,Cafe,4.5,82,25000,6501,"Suasana estetik, Wi-Fi, spot foto, AC, outdoor area, parkir, delivery via GoFood & GrabFood, menu seasonal","makanannya enak,tempatnya bagus tapi cake matcha nya kurang suka"
Coffee Lake,Pringsewu,Cafe,4.4,60,50000,11375,"Suasana estetik, Wi-Fi, spot foto, AC, outdoor area, parkir, delivery via GoFood & GrabFood, menu seasonal",Menu tempe mendoan
KEBARATIMUR COFFEE,Pringsewu,Cafe,5,24,50000,10752,"Cozy corner tersedia, AC, Wi-Fi gratis, charging station, toilet, parkir motor & mobil, snack box untuk takeaway",Oke nyaman cocok bagi yang mencari ketenangan
Bw kopi and roastery,Pringsewu,Cafe,4.4,578,30000,5780,"Sofa nyaman, meja kerja panjang, Wi-Fi 100Mbps, colokan, AC, live acoustic music Jumat-Sabtu, parkir gratis","Enak Enak, Wifi nya kenceng banget
 ATOME88"
Cafe & Karaoke Green,Pringsewu,Cafe,4.1,218,100000,3498,"Sofa nyaman, meja kerja panjang, Wi-Fi 100Mbps, colokan, AC, live acoustic music Jumat-Sabtu, parkir gratis",Overall good.
BUMI AYU RESTO & CAFE,Pringsewu,Cafe,4.2,214,25000,1147,"Area rooftop, Wi-Fi, AC dalam ruangan, outdoor terrace, parkir, toilet bersih, background foto unik",SDM di resto dikasih pelatihan untuk pelayanan.
ALEGRA CAFE,Pringsewu,Cafe,4.3,12,50000,1962,"Cozy corner tersedia, AC, Wi-Fi gratis, charging station, toilet, parkir motor & mobil, snack box untuk takeaway",Makannya enak dan pelayanan ramah mantappppp
D'Pring's Cafe,Pringsewu,Cafe,4.3,32,25000,2911,"Area rooftop, Wi-Fi, AC dalam ruangan, outdoor terrace, parkir, toilet bersih, background foto unik",Makan di tempat
Dodi Cafe,Pringsewu,Cafe,4.9,7,50000,8491,"Booth cantik untuk foto, Wi-Fi, AC, parkir motor, kursi ergonomis, stop kontak, menu kopi specialty",Makan di tempat
Repvblikuye food & drink,Pringsewu,Cafe,5,13,30000,4530,"Study corner, Wi-Fi 50Mbps, colokan banyak, AC, mushola, parkir, wastafel, menu all-day breakfast",Minuman kekinian dengan bahan premium dan harga yang sangat bersahabat
CAFE L557,Pringsewu,Cafe,4.3,15,25000,3876,"Sofa nyaman, meja kerja panjang, Wi-Fi 100Mbps, colokan, AC, live acoustic music Jumat-Sabtu, parkir gratis",Makan di tempat
KMBI Cafe,Pringsewu,Cafe,4.2,10,50000,1762,"Sofa nyaman, meja kerja panjang, Wi-Fi 100Mbps, colokan, AC, live acoustic music Jumat-Sabtu, parkir gratis",Makan di tempat
Ummika caffe & resto,Pringsewu,Cafe,3.9,106,25000,3555,"Sofa nyaman, meja kerja panjang, Wi-Fi 100Mbps, colokan, AC, live acoustic music Jumat-Sabtu, parkir gratis",Harga standar untuk ukuran
Kedai Milenio Garden,Pringsewu,Cafe,4.5,19,50000,8085,"Wi-Fi kencang, colokan listrik di setiap meja, AC, parkir motor, toilet bersih, menu vegan, outdoor seating",tempatnya nyaman dan estetik.
Bard Rock Cafe,Pringsewu,Cafe,4,19,30000,1720,"Area rooftop, Wi-Fi, AC dalam ruangan, outdoor terrace, parkir, toilet bersih, background foto unik",Tempat nongkrong kecil di pajaresuk.
Point Coffee,Pringsewu,Cafe,4.4,24,30000,6262,"Study corner, Wi-Fi 50Mbps, colokan banyak, AC, mushola, parkir, wastafel, menu all-day breakfast",ngopi massseeeeee
RedDoorz @ Guesthouse Oemah Opa Metro,Metro,Hotel,3.8,197,170003,1403,"Wi-Fi gratis, Parkir gratis, AC, Wi-Fi",Pelayanan prima dari check-in hingga check-out. Kamar luas dan terawat. Kolam renangnya bersih. Sarapan bufetnya memuaskan. Harga sepadan dengan fasilitas. Recommended untuk keluarga!
Hometown Residence,Metro,Hotel,4.4,93,220032,3400,"Wi-Fi gratis, Parkir gratis, AC, Wi-Fi",Pengalaman menginap yang sangat menyenangkan. Kamar bersih dan wangi. Pilihan sarapan bervariasi. Staf responsif dan profesional. Fasilitas lengkap. Akan kembali lagi di kunjungan berikutnya.
RedDoorz @ Guesthouse Oemah Opa Metro,Metro,Hotel,3.8,197,118000,989,"Wi-Fi gratis, Parkir gratis, AC, Wi-Fi",Pelayanan prima dari check-in hingga check-out. Kamar luas dan terawat. Kolam renangnya bersih. Sarapan bufetnya memuaskan. Harga sepadan dengan fasilitas. Recommended untuk keluarga!
OYO 1804 Guest House Oema'h Opa,Metro,Hotel,4,2,118000,1802,"Wi-Fi gratis, Parkir gratis, AC, Wi-Fi",Pelayanan prima dari check-in hingga check-out. Kamar luas dan terawat. Kolam renangnya bersih. Sarapan bufetnya memuaskan. Harga sepadan dengan fasilitas. Recommended untuk keluarga!
Wisma Citra Metro,Metro,Hotel,3.7,43,114000,2746,"Wi-Fi gratis, Parkir gratis, AC, Wi-Fi",Pengalaman menginap yang sangat menyenangkan. Kamar bersih dan wangi. Pilihan sarapan bervariasi. Staf responsif dan profesional. Fasilitas lengkap. Akan kembali lagi di kunjungan berikutnya.
RedDoorz near Taman Merdeka Metro Lampung,Metro,Hotel,4.2,136,156000,3303,"Wi-Fi gratis, Parkir gratis, AC, Wi-Fi",Pengalaman menginap yang sangat menyenangkan. Kamar bersih dan wangi. Pilihan sarapan bervariasi. Staf responsif dan profesional. Fasilitas lengkap. Akan kembali lagi di kunjungan berikutnya.
Guest House Syariah Bunga Intan RedPartner,Metro,Hotel,4.8,40,135000,4193,"Wi-Fi gratis, Parkir gratis, AC, Wi-Fi",Pengalaman menginap yang sangat menyenangkan. Kamar bersih dan wangi. Pilihan sarapan bervariasi. Staf responsif dan profesional. Fasilitas lengkap. Akan kembali lagi di kunjungan berikutnya.
Wisma Sakinah,Metro,Hotel,4.1,164,210000,2665,"Wi-Fi gratis, Parkir gratis, AC, Wi-Fi","Kamarnya bersih dan nyaman. Kasurnya empuk banget, tidur jadi nyenyak. Sarapannya enak dan variatif. Staf sangat ramah dan siap membantu. Lokasi strategis, dekat dengan pusat kota. Pasti balik lagi!"
Hotel Familie 2,Metro,Hotel,4,699,215000,2497,"Wi-Fi gratis, Parkir gratis, AC, Wi-Fi","Kamarnya bersih dan nyaman. Kasurnya empuk banget, tidur jadi nyenyak. Sarapannya enak dan variatif. Staf sangat ramah dan siap membantu. Lokasi strategis, dekat dengan pusat kota. Pasti balik lagi!"
Hotel syariah GS HERITAGE,Metro,Hotel,4.1,796,190000,3379,"Wi-Fi gratis, Parkir gratis, AC, Wi-Fi","Tempatnya nyaman dan tenang. Jauh dari kebisingan kota tapi tetap strategis. Kamar ber-AC dingin, kasur nyaman, toilet bersih. Layanan kamar 24 jam sangat membantu. Sangat puas!"
Grand Venetian Hotel,Metro,Hotel,4.4,439,381000,6185,"Wi-Fi gratis, Parkir gratis, AC, Wi-Fi","Tempatnya nyaman dan tenang. Jauh dari kebisingan kota tapi tetap strategis. Kamar ber-AC dingin, kasur nyaman, toilet bersih. Layanan kamar 24 jam sangat membantu. Sangat puas!"
NSO HOTEL & GSG,Metro,Hotel,4,9,247000,3742,"Wi-Fi gratis, Parkir gratis, AC, Wi-Fi",Pelayanan prima dari check-in hingga check-out. Kamar luas dan terawat. Kolam renangnya bersih. Sarapan bufetnya memuaskan. Harga sepadan dengan fasilitas. Recommended untuk keluarga!
Hotel Wisma Zahra 2 Metro,Metro,Hotel,4.4,94,0,9291,"Wi-Fi gratis, Parkir gratis, AC, Wi-Fi",Pelayanan prima dari check-in hingga check-out. Kamar luas dan terawat. Kolam renangnya bersih. Sarapan bufetnya memuaskan. Harga sepadan dengan fasilitas. Recommended untuk keluarga!
Wisma Zahra,Metro,Hotel,4.1,131,0,2824,"Wi-Fi gratis, Parkir gratis, AC, Wi-Fi","Tempatnya nyaman dan tenang. Jauh dari kebisingan kota tapi tetap strategis. Kamar ber-AC dingin, kasur nyaman, toilet bersih. Layanan kamar 24 jam sangat membantu. Sangat puas!"
Hotel alvaro,Metro,Hotel,4.5,4,0,9547,"Wi-Fi gratis, Parkir gratis, AC, Wi-Fi","Hotel yang solid untuk harganya. Tidak ada yang mengecewakan selama menginap. Sarapannya enak, staf ramah, kamar bersih. Wi-Fi lancar untuk kerja. Value for money banget!"
Hotel Nuban Metro,Metro,Hotel,4.2,218,0,1799,"Wi-Fi gratis, Parkir gratis, AC, Wi-Fi",Pelayanan prima dari check-in hingga check-out. Kamar luas dan terawat. Kolam renangnya bersih. Sarapan bufetnya memuaskan. Harga sepadan dengan fasilitas. Recommended untuk keluarga!
Grescia Hotel,Metro,Hotel,3,1,0,251,"Wi-Fi gratis, Parkir gratis, AC, Wi-Fi","Hotel yang solid untuk harganya. Tidak ada yang mengecewakan selama menginap. Sarapannya enak, staf ramah, kamar bersih. Wi-Fi lancar untuk kerja. Value for money banget!"
AIDIA Grande Hotel,Metro,Hotel,4.8,4763,550000,3090,"Wi-Fi gratis, Parkir gratis, AC, Wi-Fi","Hotel yang solid untuk harganya. Tidak ada yang mengecewakan selama menginap. Sarapannya enak, staf ramah, kamar bersih. Wi-Fi lancar untuk kerja. Value for money banget!"
Hotel Citra III Metro Lampung,Metro,Hotel,3.8,124,0,3875,"Wi-Fi gratis, Parkir gratis, AC, Wi-Fi",Pengalaman menginap yang sangat menyenangkan. Kamar bersih dan wangi. Pilihan sarapan bervariasi. Staf responsif dan profesional. Fasilitas lengkap. Akan kembali lagi di kunjungan berikutnya.
Srikandi Hotel,Metro,Hotel,4.1,169,0,3954,"Wi-Fi gratis, Parkir gratis, AC, Wi-Fi","Kamarnya bersih dan nyaman. Kasurnya empuk banget, tidur jadi nyenyak. Sarapannya enak dan variatif. Staf sangat ramah dan siap membantu. Lokasi strategis, dekat dengan pusat kota. Pasti balik lagi!"
Mulyojaten Hotel & Resto,Metro,Hotel,4.6,29,0,4746,"Wi-Fi gratis, Parkir gratis, AC, Wi-Fi","Tempatnya nyaman dan tenang. Jauh dari kebisingan kota tapi tetap strategis. Kamar ber-AC dingin, kasur nyaman, toilet bersih. Layanan kamar 24 jam sangat membantu. Sangat puas!"
RedDoorz @ Aziziah Homestay Lampung,Metro,Hotel,4.3,304,0,3988,"Wi-Fi gratis, Parkir gratis, AC, Wi-Fi","Kamarnya bersih dan nyaman. Kasurnya empuk banget, tidur jadi nyenyak. Sarapannya enak dan variatif. Staf sangat ramah dan siap membantu. Lokasi strategis, dekat dengan pusat kota. Pasti balik lagi!"
KOS MELATI NOMOR 2,Metro,Hotel,4.4,7,0,9965,"Wi-Fi gratis, Parkir gratis, AC, Wi-Fi","Tempatnya nyaman dan tenang. Jauh dari kebisingan kota tapi tetap strategis. Kamar ber-AC dingin, kasur nyaman, toilet bersih. Layanan kamar 24 jam sangat membantu. Sangat puas!"
Dapur Putih Heritage,Metro,Kuliner,4.3,757,25000,1696,"Parkir gratis, toilet, area makan terbuka dengan pemandangan alam, spot foto instagramable, Wi-Fi, kursi outdoor","Rekomen, tempat enak menu banyak dn variatif enakkkkk pokoknya"
The Thuba Cafe' & Resto,Metro,Kuliner,4.9,5373,50000,12881,"Ruang VIP tersedia, AC, parkir luas, toilet bersih, mushola, kasir digital, menu vegetarian tersedia, katering","tempatnya nyaman,bersih, aesthetic jugaaak, pelayanan bagus,makanan enak."
Joffi Ramen Metro,Metro,Kuliner,4.8,751,30000,11486,"Tempat parkir luas, toilet umum, area makan indoor/outdoor, taman bermain anak, Wi-Fi, live cooking","tempatnya enak, parkir luas, pelayanan ramah, harga murah"
Saung Bang Ocit 3,Metro,Kuliner,4.5,131,30000,10611,"Area parkir memadai, toilet, wastafel, ruang makan ber-AC, live music setiap akhir pekan, layanan pesan antar","Tempat nya cozy, buat makan bersama keluarga harga nya pun worth it"
Milestone Coffee & Eat,Metro,Kuliner,4.4,157,30000,3822,"Parkir gratis, toilet, area makan terbuka dengan pemandangan alam, spot foto instagramable, Wi-Fi, kursi outdoor",Harga murah pilihan menu yang pas dan rasa yang cocok.
Bengkel perut d'sawah,Metro,Kuliner,4.2,652,30000,3083,"Ruang VIP tersedia, AC, parkir luas, toilet bersih, mushola, kasir digital, menu vegetarian tersedia, katering","enak makanannya, enak saungnya cuma kalo hujan ya wasalaam.."
Chatime Sudirman Metro Lampung,Metro,Kuliner,4.8,328,30000,7082,"Area parkir memadai, toilet, wastafel, ruang makan ber-AC, live music setiap akhir pekan, layanan pesan antar","Mantap pelayanan, enak minuman dan makanannya,"
Makan Minum Metro,Metro,Kuliner,4.5,10,30000,4988,"Area parkir memadai, toilet, wastafel, ruang makan ber-AC, live music setiap akhir pekan, layanan pesan antar",Enak suka makananya
Pondok Makan 21,Metro,Kuliner,4.1,1097,30000,2669,"Parkir gratis, toilet, area makan terbuka dengan pemandangan alam, spot foto instagramable, Wi-Fi, kursi outdoor",Recomanded nihhh...murah harga nya makyuss rasa nya nyamann ...
Pance Coffee Metro,Metro,Kuliner,4.5,274,25000,5184,"Tempat parkir luas, toilet umum, area makan indoor/outdoor, taman bermain anak, Wi-Fi, live cooking","Tempatnya bersih,lumayan enak buat nongkrong makannya ya lumayan."
Campanella Coffee and Eatery,Metro,Kuliner,4,132,25000,2703,"Parkir motor & mobil, mushola, kamar mandi bersih, area lesehan, gazebo outdoor, Wi-Fi, paket catering tersedia",Makanan & minuman cukup enak dan harga terjangkau.
DAI RESTO,Metro,Kuliner,4.5,33,30000,11702,"Parkir gratis, toilet, area makan terbuka dengan pemandangan alam, spot foto instagramable, Wi-Fi, kursi outdoor",Makan di tempat
Lacosta Metro,Metro,Kuliner,4.5,1612,30000,8198,"Parkir motor & mobil, mushola, kamar mandi bersih, area lesehan, gazebo outdoor, Wi-Fi, paket catering tersedia","Cozy sekali, ada live music, makanan enak, staf ramah"
Haecaferesto,Metro,Kuliner,3.7,123,30000,3893,"Tempat parkir luas, toilet umum, area makan indoor/outdoor, taman bermain anak, Wi-Fi, live cooking","Makanan enak, tempat strategis, bersih, tempat parkir mobil luas."
RM Suroboyo,Metro,Kuliner,4.3,1102,30000,10251,"Parkir luas, toilet bersih, mushola, area makan indoor dan outdoor, AC, Wi-Fi gratis, kursi bayi tersedia, area bebas rokok","Saya makan rawon... Enak
 Ayam goreng juga enak
 Murah"
Lembah Dempo Cafe N Resto,Metro,Kuliner,4.1,843,30000,3309,"Parkir, mushola, kamar mandi, area lesehan karpet, meja panjang untuk rombongan, AC, kulkas minuman sendiri","Tempatnya bagus, bersih, nyaman, masakannya enak, fasilitas lengkap"
Rumah Makan Seruwit HJ. Yohana,Metro,Kuliner,4.4,539,30000,11270,"Parkir gratis, toilet, area makan terbuka dengan pemandangan alam, spot foto instagramable, Wi-Fi, kursi outdoor",Di sini bisa makan makanan khas Lampung yang rasanya mantap.
Almaz Fried Chicken - Metro Lampung,Metro,Kuliner,4.7,115,30000,9991,"Parkir motor & mobil, mushola, kamar mandi bersih, area lesehan, gazebo outdoor, Wi-Fi, paket catering tersedia",makannya enak harga nya terjangkau dan pelayanan ramah ramah
Wisata kuliner Metro,Metro,Kuliner,4.6,184,30000,11976,"Tempat parkir luas, toilet umum, area makan indoor/outdoor, taman bermain anak, Wi-Fi, live cooking",Pakde Jogja The Best Di Sumur Bandung ðŸ‘ðŸ‘ðŸ‘ðŸ‘ðŸ‘
Rumah Makan Kayu Watu,Metro,Kuliner,4.1,1345,30000,2626,"Ruang VIP tersedia, AC, parkir luas, toilet bersih, mushola, kasir digital, menu vegetarian tersedia, katering",Menu nya murah dan enak
MaMa CafÃ© & Resto,Metro,Kuliner,4.3,300,50000,1451,"Area parkir memadai, toilet, wastafel, ruang makan ber-AC, live music setiap akhir pekan, layanan pesan antar","Tempatnya enak,keren jg ada live music"
Rumah Makan OMEGA 2 MANOHARA,Metro,Kuliner,4.4,774,25000,10777,"Parkir luas, toilet bersih, mushola, area makan indoor dan outdoor, AC, Wi-Fi gratis, kursi bayi tersedia, area bebas rokok","Makanannya enakÂ², cuman service dan informasi makanannya kurang."
Pawon Mas Resto,Metro,Kuliner,4.3,208,30000,2643,"Parkir gratis, toilet, area makan terbuka dengan pemandangan alam, spot foto instagramable, Wi-Fi, kursi outdoor",Recomended Nasi Bakar nya Top Bgt
RED CRAB RESTO - METRO,Metro,Kuliner,4.5,46,30000,7246,"Parkir motor & mobil, mushola, kamar mandi bersih, area lesehan, gazebo outdoor, Wi-Fi, paket catering tersedia","Makanan lumayan, harga lumayan, tempat baik"
RESTO PATRIA,Metro,Kuliner,4.5,39,30000,7050,"Ruang VIP tersedia, AC, parkir luas, toilet bersih, mushola, kasir digital, menu vegetarian tersedia, katering","Enak, harga juga lumayan murah,"
Resto Ayam Desa,Metro,Kuliner,4.2,596,50000,3411,"Parkir motor & mobil, mushola, kamar mandi bersih, area lesehan, gazebo outdoor, Wi-Fi, paket catering tersedia","Pantesan rame mulu, ternyata makanannya enak, murah, pelayanannya bagus."
AKGL RESTO & CAFE,Metro,Kuliner,4.5,11,30000,7543,"Tempat parkir luas, toilet umum, area makan indoor/outdoor, taman bermain anak, Wi-Fi, live cooking",Minuman oke suasana cocok untuk bersantai .
Kedai Kopi Mas and Resto,Metro,Kuliner,4.9,30,50000,11540,"Parkir gratis, toilet, area makan terbuka dengan pemandangan alam, spot foto instagramable, Wi-Fi, kursi outdoor",tmpt ternyaman buat curhat keluh kesah wkwk!!ðŸ«¶ðŸ»
SUSI Cafe & Resto,Metro,Kuliner,4.3,115,25000,2784,"Tempat parkir luas, toilet umum, area makan indoor/outdoor, taman bermain anak, Wi-Fi, live cooking",Makan di tempat
Titik Singgah Pujasera Kota Metro,Metro,Kuliner,4.3,521,25000,3367,"Parkir motor & mobil, mushola, kamar mandi bersih, area lesehan, gazebo outdoor, Wi-Fi, paket catering tersedia","Tempat yang kurang ke urus, cuma ada soto ayam dan bubur ayam"
Resto Ayam Desa,Metro,Kuliner,4.4,661,50000,6919,"Parkir gratis, toilet, area makan terbuka dengan pemandangan alam, spot foto instagramable, Wi-Fi, kursi outdoor",Disini menunya murah-murah tapi tetep masakannya enak.
Gardenia {Rumah makan enak di metro},Metro,Kuliner,4.9,16,50000,7499,"Parkir, mushola, kamar mandi, area lesehan karpet, meja panjang untuk rombongan, AC, kulkas minuman sendiri","Makanan nya enak , murah , worth it , tempatnya nyaman"
Richeese Factory - Metro Lampung,Metro,Kuliner,4.6,635,30000,10206,"Parkir motor & mobil, mushola, kamar mandi bersih, area lesehan, gazebo outdoor, Wi-Fi, paket catering tersedia","tempatnya nyaman untuk makan sama keluarga dan kerabat, harga terjangkau"
Nasi Goreng Pondok Remaja Kota Metro,Metro,Kuliner,5,30,100000,4269,"Area parkir memadai, toilet, wastafel, ruang makan ber-AC, live music setiap akhir pekan, layanan pesan antar","Puas banget, pertama kali nemu di metro nasi goreng bumbunya fresh"
Dapur Mamaku Metro,Metro,Kuliner,4.5,197,25000,7681,"Parkir gratis, toilet, area makan terbuka dengan pemandangan alam, spot foto instagramable, Wi-Fi, kursi outdoor",Makanannya enak banget dan harga terjangkau super worth it to buyðŸ˜
Rumah makan Mawar Kota Metro (chinese food),Metro,Kuliner,4.5,567,50000,6841,"Parkir, mushola, kamar mandi, area lesehan karpet, meja panjang untuk rombongan, AC, kulkas minuman sendiri","Non halal, pelayanan lama terutama jam sibuk, rasa lumayan"
Rumah Makan AGAM,Metro,Kuliner,4.3,680,25000,1912,"Parkir gratis, toilet, area makan terbuka dengan pemandangan alam, spot foto instagramable, Wi-Fi, kursi outdoor","Parkir luas, meja makan banyak, menu variatif."
Mie Goyang Lampung - Nasution Metro,Metro,Kuliner,4.8,1697,50000,8502,"Parkir luas, toilet bersih, mushola, area makan indoor dan outdoor, AC, Wi-Fi gratis, kursi bayi tersedia, area bebas rokok","Pelayanannya bagus, makan enak dan wortid, harga wortid suasana kf enak"
DAPUR KOKIKU,Metro,Kuliner,4.7,69,30000,8238,"Area parkir memadai, toilet, wastafel, ruang makan ber-AC, live music setiap akhir pekan, layanan pesan antar",Tersedia layanan pesan anyar Grab Food dan Go Food
Cafe & resto (Dunia Bakso Glompong),Metro,Kuliner,4.2,11,30000,3012,"Parkir gratis, toilet, area makan terbuka dengan pemandangan alam, spot foto instagramable, Wi-Fi, kursi outdoor",dulu sempat kecewa sekarangg sudah oke pelayanannyaaðŸ˜
D'Lamax Cafe & Resto,Metro,Kuliner,5,7,30000,4320,"Ruang VIP tersedia, AC, parkir luas, toilet bersih, mushola, kasir digital, menu vegetarian tersedia, katering",Makan di tempat
Warung Yunisa (Iga Bakar & Ayam Presto),Metro,Kuliner,4.8,138,30000,5267,"Parkir motor & mobil, mushola, kamar mandi bersih, area lesehan, gazebo outdoor, Wi-Fi, paket catering tersedia","Mantab enak, iga bakar nya terasa bumbunya sampai ke tulang."
GULBAR,Metro,Kuliner,5,11,30000,5471,"Ruang VIP tersedia, AC, parkir luas, toilet bersih, mushola, kasir digital, menu vegetarian tersedia, katering","makanan nya enak semua, dan pelayanan nya bagus"
Bebek Prakoso,Metro,Kuliner,4.6,703,30000,6788,"Parkir motor & mobil, mushola, kamar mandi bersih, area lesehan, gazebo outdoor, Wi-Fi, paket catering tersedia","Bebeknya empuk, bumbunya terasa, sambalnya mantap..."
RM PUTI MINANG - METRO,Metro,Kuliner,4.3,536,30000,2368,"Tempat parkir luas, toilet umum, area makan indoor/outdoor, taman bermain anak, Wi-Fi, live cooking",Menunya enak harga terjangkau.di setiap cabang disediakan musholla
"Rumah Makan Semangka, Diponegoro Kota Metro",Metro,Kuliner,3.6,43,25000,3642,"Parkir motor & mobil, mushola, kamar mandi bersih, area lesehan, gazebo outdoor, Wi-Fi, paket catering tersedia",Makan di tempat
Kerang Dekaje Metro,Metro,Kuliner,4.2,333,25000,1425,"Parkir luas, toilet bersih, mushola, area makan indoor dan outdoor, AC, Wi-Fi gratis, kursi bayi tersedia, area bebas rokok",Yang kangen makan seafood dan sensasi sambal lava bisa mampir kesini
Rumah Makan Metro (POS PANTAU PDSI KORWIL LAMPUNG),Metro,Kuliner,5,2,30000,6505,"Parkir, mushola, kamar mandi, area lesehan karpet, meja panjang untuk rombongan, AC, kulkas minuman sendiri",Makan di tempat
Nasi Arab Metro,Metro,Kuliner,5,13,30000,4052,"Tempat parkir luas, toilet umum, area makan indoor/outdoor, taman bermain anak, Wi-Fi, live cooking","Counter khusus taje away, harga terjangkau rasa memuaskan"
"Sky Gardens Cafe, Bar & Restaurant",Metro,Kuliner,4.3,119,30000,2499,"Parkir gratis, toilet, area makan terbuka dengan pemandangan alam, spot foto instagramable, Wi-Fi, kursi outdoor",Tempat karaoke dan makan yang cozy bersama teman dan keluarga
RM Sate Saleh Jendral Sudirman Metro,Metro,Kuliner,4.5,1538,30000,9678,"Parkir motor & mobil, mushola, kamar mandi bersih, area lesehan, gazebo outdoor, Wi-Fi, paket catering tersedia",Tapi saya suka sate yangbempuk dagingnya dengan bumbu kacang.
Fruitloves-metro,Metro,Kuliner,4.6,31,30000,8421,"Parkir luas, toilet bersih, mushola, area makan indoor dan outdoor, AC, Wi-Fi gratis, kursi bayi tersedia, area bebas rokok",Makan di tempat
ULTRAMEN,Metro,Kuliner,4.4,28,30000,11890,"Ruang VIP tersedia, AC, parkir luas, toilet bersih, mushola, kasir digital, menu vegetarian tersedia, katering","Ramennya enak bgt, pelayanannya juga ramah, tempatnya bersih."
BELLMAN,Metro,Kuliner,4.1,91,30000,2708,"Parkir, mushola, kamar mandi, area lesehan karpet, meja panjang untuk rombongan, AC, kulkas minuman sendiri","Bisa indoor n outdoor (smoking area) tapi g banyak, 80% indoor room."
RUMAH MAKAN PADANG AMPERA KOTA METRO,Metro,Kuliner,4.6,209,30000,9812,"Tempat parkir luas, toilet umum, area makan indoor/outdoor, taman bermain anak, Wi-Fi, live cooking","Makanan murah, enak dan porsi jumbo"
Bakso Trijaya Mulyojati 16c,Metro,Kuliner,4.4,400,30000,4020,"Parkir, mushola, kamar mandi, area lesehan karpet, meja panjang untuk rombongan, AC, kulkas minuman sendiri","Mie ayamnya tipe pipih
 Rasa enak
 Baksonya juga enak
 
 Es campurnya segerr"
Ayam Bakar Pedas Om Opik,Metro,Kuliner,4.3,807,25000,1647,"Tempat parkir luas, toilet umum, area makan indoor/outdoor, taman bermain anak, Wi-Fi, live cooking",Mantap rasa ayam bakar om Opik pedas manis .. endulitaa pokok nya ðŸ˜€
Warung Gudeg Kangen Jogja,Metro,Kuliner,4.6,214,50000,9883,"Parkir luas, toilet bersih, mushola, area makan indoor dan outdoor, AC, Wi-Fi gratis, kursi bayi tersedia, area bebas rokok","Suasana nya enak, harga terjangkau, krecek & ayamnya lembut"
Pempek Palembang Metro,Metro,Kuliner,4.8,86,30000,9381,"Ruang VIP tersedia, AC, parkir luas, toilet bersih, mushola, kasir digital, menu vegetarian tersedia, katering","Order fast respon,ramah, bersih
 Insyaallah kedepan selalu langganan"
Nasi Goreng Sedap Malam (Depan Polres Metro),Metro,Kuliner,4.4,115,30000,3320,"Tempat parkir luas, toilet umum, area makan indoor/outdoor, taman bermain anak, Wi-Fi, live cooking",Wah kalo penyuka nasi goreng porsi jumbo sih wajib mampir.
Bakso Son Haji Sony Metro,Metro,Kuliner,4.2,2263,30000,9232,"Parkir gratis, toilet, area makan terbuka dengan pemandangan alam, spot foto instagramable, Wi-Fi, kursi outdoor","Baksonya enak padat, mie ayamnya juga enak.. cuma kuah terlalu asin."
NSO Gedung Serba Guna & Resto,Metro,Kuliner,5,2,30000,10814,"Parkir, mushola, kamar mandi, area lesehan karpet, meja panjang untuk rombongan, AC, kulkas minuman sendiri",Makan di tempat
Pizza Hut Restoran,Metro,Kuliner,4.5,655,30000,3096,"Parkir motor & mobil, mushola, kamar mandi bersih, area lesehan, gazebo outdoor, Wi-Fi, paket catering tersedia","Makanan nya enak, sudah sering datang untuk makan,fav anak saya"
Metro garden,Metro,Kuliner,4.6,355,30000,8763,"Parkir, mushola, kamar mandi, area lesehan karpet, meja panjang untuk rombongan, AC, kulkas minuman sendiri",Makanan
Rocket Chicken Metro PB 15,Metro,Kuliner,4.3,118,30000,2023,"Parkir, mushola, kamar mandi, area lesehan karpet, meja panjang untuk rombongan, AC, kulkas minuman sendiri","Rasa makanannya enak saya suka, terutama menu chicken yang sambal terasi."
Pantes cak pa'i,Metro,Kuliner,4.6,151,25000,9389,"Area parkir memadai, toilet, wastafel, ruang makan ber-AC, live music setiap akhir pekan, layanan pesan antar","Makannya enak, sop dagingnya juga mantap."
Bakso Pondok Saung,Metro,Kuliner,4.1,52,25000,2516,"Ruang VIP tersedia, AC, parkir luas, toilet bersih, mushola, kasir digital, menu vegetarian tersedia, katering",Cuma yg agak aneh di nasi bakarnya.
Mosh Burger Metro,Metro,Kuliner,4.6,13,30000,11818,"Parkir, mushola, kamar mandi, area lesehan karpet, meja panjang untuk rombongan, AC, kulkas minuman sendiri",Enak coba cari buns yg lebih kecil jd pas
Rumah Makan Bamboo Resto Jaya,Metro,Kuliner,4.3,43,30000,3861,"Parkir motor & mobil, mushola, kamar mandi bersih, area lesehan, gazebo outdoor, Wi-Fi, paket catering tersedia",Masakan yang enak untuk keluarga atau makan bersama.
Moresto Dimsum Metro,Metro,Kuliner,3.7,9,30000,3809,"Area parkir memadai, toilet, wastafel, ruang makan ber-AC, live music setiap akhir pekan, layanan pesan antar",enak bgt berasa cuma makan daging gaada campuran tepung
Topoci Metro Lampung - Angkringan Asli Korea,Metro,Kuliner,4.2,5,30000,3036,"Tempat parkir luas, toilet umum, area makan indoor/outdoor, taman bermain anak, Wi-Fi, live cooking","Makanan enak banget, recomended banget."
RM Minang Maimbau 22 metro,Metro,Kuliner,4.6,35,30000,6613,"Area parkir memadai, toilet, wastafel, ruang makan ber-AC, live music setiap akhir pekan, layanan pesan antar",Pokoknya recommended banget buat pencinta masakan Padang.
Domino's Pizza-Sudirman Metro Lampung,Metro,Kuliner,4.6,213,30000,10999,"Ruang VIP tersedia, AC, parkir luas, toilet bersih, mushola, kasir digital, menu vegetarian tersedia, katering","Pizzanya murah tapi gak murahan, enak dan harga terjangkau"
GANGNAM TAKOYAKI SERIES 1 METRO PUSAT,Metro,Kuliner,5,8,30000,6595,"Parkir motor & mobil, mushola, kamar mandi bersih, area lesehan, gazebo outdoor, Wi-Fi, paket catering tersedia","Enakkkk penjualnya ramahhhh, harga murahhh tapi mantappp"
Candy Fried Chicken & Burger,Metro,Kuliner,4.5,375,30000,7471,"Tempat parkir luas, toilet umum, area makan indoor/outdoor, taman bermain anak, Wi-Fi, live cooking","tempatnya nyaman, menu ayam geprek sambal ijonya mantap sekali"
RM Banyumas,Metro,Kuliner,4.3,73,30000,2585,"Parkir, mushola, kamar mandi, area lesehan karpet, meja panjang untuk rombongan, AC, kulkas minuman sendiri",Makanannya enak2.
Mie ayam vera,Metro,Kuliner,4.7,143,50000,10956,"Tempat parkir luas, toilet umum, area makan indoor/outdoor, taman bermain anak, Wi-Fi, live cooking","A bit too pricy untuk harga lauk warteg, but worth the taste."
Bakso balong Pak Ndut Metro,Metro,Kuliner,4.4,595,25000,3475,"Parkir, mushola, kamar mandi, area lesehan karpet, meja panjang untuk rombongan, AC, kulkas minuman sendiri","Makanannya enak,terjangkau harganya"
Selera Kita (Nasi Goreng),Metro,Kuliner,4.4,324,30000,9371,"Tempat parkir luas, toilet umum, area makan indoor/outdoor, taman bermain anak, Wi-Fi, live cooking","Banyak menunya, nasi goreng, mie goreng, capcay, udang cumi goreng."
McDonald's - Metro Lampung,Metro,Kuliner,4,424,30000,2176,"Tempat parkir luas, toilet umum, area makan indoor/outdoor, taman bermain anak, Wi-Fi, live cooking",Tadi pesen 2 nasi uduk mcd dan 2 bubur ayam mcd keluarnya 15 menit.
BAKSO GANGSAR,Metro,Kuliner,4.4,592,30000,9624,"Parkir, mushola, kamar mandi, area lesehan karpet, meja panjang untuk rombongan, AC, kulkas minuman sendiri",Rekomendasi jika ingin makan bakso mi ayam dekat dengan taman kota metro
Sate Padang Ma'Irul,Metro,Kuliner,4.9,38,50000,5704,"Area parkir memadai, toilet, wastafel, ruang makan ber-AC, live music setiap akhir pekan, layanan pesan antar",Terbaik di Kota metro.Rasa dan pelayanan nya.OK banget.
BAKSO ENGGAL Imam Bonjol Metro,Metro,Kuliner,4.3,77,50000,2714,"Tempat parkir luas, toilet umum, area makan indoor/outdoor, taman bermain anak, Wi-Fi, live cooking","Kuahnya enak gurih, baksonya kurang empuk."
Pempek Cik Yeyen,Metro,Kuliner,4.5,413,50000,5091,"Parkir luas, toilet bersih, mushola, area makan indoor dan outdoor, AC, Wi-Fi gratis, kursi bayi tersedia, area bebas rokok","Tempat nya bersih, parkir luas, rasa lumayan, harga relatif."
Hadimulyo barat metro pusat,Metro,Kuliner,2.7,3,30000,737,"Tempat parkir luas, toilet umum, area makan indoor/outdoor, taman bermain anak, Wi-Fi, live cooking",Makan di tempat
Raja Pempek Metro,Metro,Kuliner,5,17,100000,11751,"Tempat parkir luas, toilet umum, area makan indoor/outdoor, taman bermain anak, Wi-Fi, live cooking",Pemilik Ramah
RUMAH MAKAN,Metro,Kuliner,5,4,25000,3441,"Parkir luas, toilet bersih, mushola, area makan indoor dan outdoor, AC, Wi-Fi gratis, kursi bayi tersedia, area bebas rokok",Makan di tempat
Mie Ayam Kamboja,Metro,Kuliner,4.7,35,50000,9455,"Parkir motor & mobil, mushola, kamar mandi bersih, area lesehan, gazebo outdoor, Wi-Fi, paket catering tersedia","Enak,lebih enak lagi kalo ada mie ayam bakso nya tambahin menu nya ya ðŸ˜„"
Nasi Uduk Dua Putra,Metro,Kuliner,4.7,83,25000,3444,"Parkir, mushola, kamar mandi, area lesehan karpet, meja panjang untuk rombongan, AC, kulkas minuman sendiri",Enak dan murah
Ayam Geprek Abang Ireng Metro,Metro,Kuliner,4.8,29,50000,4375,"Parkir gratis, toilet, area makan terbuka dengan pemandangan alam, spot foto instagramable, Wi-Fi, kursi outdoor","Pesen online, enak gepreknya, porsinya juga lumayan, mantap."
Pempek Depan Gor,Metro,Kuliner,4.4,103,30000,10022,"Parkir luas, toilet bersih, mushola, area makan indoor dan outdoor, AC, Wi-Fi gratis, kursi bayi tersedia, area bebas rokok",Tempat makan khusus pempek yg cukup enak dan berkualitas.
KFC Chandra Supermarket,Metro,Kuliner,4.1,255,30000,1355,"Ruang VIP tersedia, AC, parkir luas, toilet bersih, mushola, kasir digital, menu vegetarian tersedia, katering","Kfc metro jagonya ayam
 Terimakasih kfc metro"
Pempek Prasanti Metro,Metro,Kuliner,4.6,30,25000,10564,"Parkir motor & mobil, mushola, kamar mandi bersih, area lesehan, gazebo outdoor, Wi-Fi, paket catering tersedia","Enak, nyaman, dan harga bersahabat"
AIDIA Grande Hotel,Metro,Kuliner,4.8,4763,25000,5977,"Tempat parkir luas, toilet umum, area makan indoor/outdoor, taman bermain anak, Wi-Fi, live cooking","Pelayanan nya bagus, mkanan enak enak,"
Bakso Dan Mie Trijaya,Metro,Kuliner,4.1,130,30000,1005,"Area parkir memadai, toilet, wastafel, ruang makan ber-AC, live music setiap akhir pekan, layanan pesan antar",Kalo soal rasa silah kan coba sendiri.. Karna lidah tiap orang beda2
Bakso Malang Metro 89,Metro,Kuliner,4.6,10,30000,7262,"Parkir luas, toilet bersih, mushola, area makan indoor dan outdoor, AC, Wi-Fi gratis, kursi bayi tersedia, area bebas rokok",Pindah kemana ya
BAKSO MAREM PAKDE WAHID METRO,Metro,Kuliner,4.9,12,30000,9211,"Parkir motor & mobil, mushola, kamar mandi bersih, area lesehan, gazebo outdoor, Wi-Fi, paket catering tersedia",Enak murah dan bersih
Mie AWIE Metro,Metro,Kuliner,4.2,57,30000,2140,"Parkir motor & mobil, mushola, kamar mandi bersih, area lesehan, gazebo outdoor, Wi-Fi, paket catering tersedia","Enak, tapi gak tau ada sertikat halal atau gak (masih berlku)"
BAKSO LEK MAN,Metro,Kuliner,4.7,91,30000,6467,"Tempat parkir luas, toilet umum, area makan indoor/outdoor, taman bermain anak, Wi-Fi, live cooking","Bakso juara di metro, kuahnya segarrr"
Warung Sate Cak Kele Kele,Metro,Kuliner,4.1,81,30000,2662,"Parkir gratis, toilet, area makan terbuka dengan pemandangan alam, spot foto instagramable, Wi-Fi, kursi outdoor",Sate rekomended enak dan murah.
RM Padang Putri Minang,Metro,Kuliner,4,160,25000,2138,"Area parkir memadai, toilet, wastafel, ruang makan ber-AC, live music setiap akhir pekan, layanan pesan antar",Ayam gorengmya jd kecil dan gak dibalut telur lagi.
Lacosta Metro,Metro,Cafe,4.5,1612,30000,8529,"Sofa nyaman, meja kerja panjang, Wi-Fi 100Mbps, colokan, AC, live acoustic music Jumat-Sabtu, parkir gratis","The ambiance is really chill, and the"
Nuju Coffee Metro | Coffee Shop Lampung,Metro,Cafe,4.8,338,50000,9211,"Sofa nyaman, meja kerja panjang, Wi-Fi 100Mbps, colokan, AC, live acoustic music Jumat-Sabtu, parkir gratis","Kopinya mantap, rotinya juga endulz tempatnya juga enak buat nongkrong."
The Vintage,Metro,Cafe,4.4,660,25000,7558,"Study corner, Wi-Fi 50Mbps, colokan banyak, AC, mushola, parkir, wastafel, menu all-day breakfast",Sip ok punya.
Pance Coffee Metro,Metro,Cafe,4.5,274,25000,9906,"Area rooftop, Wi-Fi, AC dalam ruangan, outdoor terrace, parkir, toilet bersih, background foto unik","Kayak cheesecake, choux, pie, brownie, dll."
Campanella Coffee and Eatery,Metro,Cafe,4,132,50000,1833,"Suasana estetik, Wi-Fi, spot foto, AC, outdoor area, parkir, delivery via GoFood & GrabFood, menu seasonal","Tempatnya estetik banget! Pas buat nongkrong sambil kerja atau meeting santai. Wi-Fi kencang, minumannya enak. Kopi latte-nya juara. Harga standar Lampung lah. Bakal balik lagi bareng teman-teman."
Milestone Coffee & Eat,Metro,Cafe,4.4,157,50000,4341,"Area rooftop, Wi-Fi, AC dalam ruangan, outdoor terrace, parkir, toilet bersih, background foto unik","Minumannya juga selain kopi,banyak pilihannya."
"Planet Cafe, Soekarno Hatta Kota Metro",Metro,Cafe,4,130,30000,2726,"Area rooftop, Wi-Fi, AC dalam ruangan, outdoor terrace, parkir, toilet bersih, background foto unik",Makan di tempat
PADOEKA Coffee & Space,Metro,Cafe,3.9,42,100000,879,"Suasana estetik, Wi-Fi, spot foto, AC, outdoor area, parkir, delivery via GoFood & GrabFood, menu seasonal",recomend banget kopi gula arennya
Timeless Coffee Bar,Metro,Cafe,4.4,269,25000,11837,"Study corner, Wi-Fi 50Mbps, colokan banyak, AC, mushola, parkir, wastafel, menu all-day breakfast","Cocok untuk yang suka kopi, tapi rasa kopi nya tidak terlalu strong."
The Thuba Cafe' & Resto,Metro,Cafe,4.9,5373,50000,10853,"Sofa nyaman, meja kerja panjang, Wi-Fi 100Mbps, colokan, AC, live acoustic music Jumat-Sabtu, parkir gratis","Breakfast-nya enak, tapi kurang lengkap."
Dapur Putih Heritage,Metro,Cafe,4.3,757,25000,2233,"Suasana estetik, Wi-Fi, spot foto, AC, outdoor area, parkir, delivery via GoFood & GrabFood, menu seasonal","Tempatnya tenang, nyaman untuk ngobrol dan pesan minuman."
"Bien, Tawes",Metro,Cafe,4.5,122,50000,6673,"Study corner, Wi-Fi 50Mbps, colokan banyak, AC, mushola, parkir, wastafel, menu all-day breakfast","Perfect spot buat kerja atau ngobrol santai. Internet lancar, banyak colokan, kursi nyaman. Pesanan cepat datang. Minumannya memuaskan. Sering balik ke sini tiap minggu."
LuAs Coffee and Eatery,Metro,Cafe,4.5,2,30000,4124,"Cozy corner tersedia, AC, Wi-Fi gratis, charging station, toilet, parkir motor & mobil, snack box untuk takeaway","nyaman shi, cuma sayang parkirannya nggak ada yg jaga"
TOMORO COFFEE METRO,Metro,Cafe,4.5,100,30000,3659,"Study corner, Wi-Fi 50Mbps, colokan banyak, AC, mushola, parkir, wastafel, menu all-day breakfast","Rasa kopi nya enak, favorite sih caffe latte, creamy bgt susunya."
SRAWUNG METRO,Metro,Cafe,4.9,16,30000,3508,"Suasana estetik, Wi-Fi, spot foto, AC, outdoor area, parkir, delivery via GoFood & GrabFood, menu seasonal",Suasana berbeda... kopi nya mantap...
Swasana Daun Metro,Metro,Cafe,4.5,54,30000,7051,"Booth cantik untuk foto, Wi-Fi, AC, parkir motor, kursi ergonomis, stop kontak, menu kopi specialty","Tempat nyaman, menu enak, pelayanan baik banget..."
Kafe AKAMSI,Metro,Cafe,4.8,104,30000,6266,"Study corner, Wi-Fi 50Mbps, colokan banyak, AC, mushola, parkir, wastafel, menu all-day breakfast",Bikin nagih si es alpukat nya kejunya huuh
Kopi Kenangan - Metro Lampung,Metro,Cafe,4.4,222,30000,3333,"Suasana estetik, Wi-Fi, spot foto, AC, outdoor area, parkir, delivery via GoFood & GrabFood, menu seasonal","Kopinya enak, manisnya pas, pelayanan ramah."
Dejavu Eatery,Metro,Cafe,4.8,46,30000,5496,"Study corner, Wi-Fi 50Mbps, colokan banyak, AC, mushola, parkir, wastafel, menu all-day breakfast",Waiters pelayannya bagus terutama Aqila sama asyifa
Coffee Paragraf,Metro,Cafe,4.6,54,25000,6908,"Wi-Fi kencang, colokan listrik di setiap meja, AC, parkir motor, toilet bersih, menu vegan, outdoor seating",Pas buat ngopi santai atau sekadar chill
Faux Society,Metro,Cafe,4.1,138,25000,1317,"Cozy corner tersedia, AC, Wi-Fi gratis, charging station, toilet, parkir motor & mobil, snack box untuk takeaway","tempatnya oke dan nyaman, kopinya enak."
Kopi Susu Baper Metro,Metro,Cafe,4.6,468,30000,10758,"Wi-Fi kencang, colokan listrik di setiap meja, AC, parkir motor, toilet bersih, menu vegan, outdoor seating",Bikin pertama kali jadi suka kopi di tahun 2018
Tcoffee,Metro,Cafe,4.7,71,30000,4874,"Sofa nyaman, meja kerja panjang, Wi-Fi 100Mbps, colokan, AC, live acoustic music Jumat-Sabtu, parkir gratis",Kopi nya awal nya enak tapi kemarin kurang
Chatime Sudirman Metro Lampung,Metro,Cafe,4.8,328,30000,6571,"Study corner, Wi-Fi 50Mbps, colokan banyak, AC, mushola, parkir, wastafel, menu all-day breakfast","makanan dan minuman nya enakkk,baristaa nya jugaa ramah ramahhh ðŸ¤©ðŸ¤©"
Dua Lima.,Metro,Cafe,4.8,35,30000,10619,"Sofa nyaman, meja kerja panjang, Wi-Fi 100Mbps, colokan, AC, live acoustic music Jumat-Sabtu, parkir gratis",Yey Nippon keren promonya bnyak gak nanggung nanggung ðŸ¥³ðŸ¥³ðŸ¥³
Sini Sini Kopitiam,Metro,Cafe,4.5,82,30000,7198,"Study corner, Wi-Fi 50Mbps, colokan banyak, AC, mushola, parkir, wastafel, menu all-day breakfast","Tempatnya estetik banget! Pas buat nongkrong sambil kerja atau meeting santai. Wi-Fi kencang, minumannya enak. Kopi latte-nya juara. Harga standar Lampung lah. Bakal balik lagi bareng teman-teman."
Bongsu Signature,Metro,Cafe,4.5,518,30000,9043,"Booth cantik untuk foto, Wi-Fi, AC, parkir motor, kursi ergonomis, stop kontak, menu kopi specialty","Barista nya asik, pelayanan cepet, sama makanannya enak"
Haecaferesto,Metro,Cafe,3.7,123,30000,1487,"Booth cantik untuk foto, Wi-Fi, AC, parkir motor, kursi ergonomis, stop kontak, menu kopi specialty",Overall recommended kalo mau nongki.
Cafe HARIT.est,Metro,Cafe,4.1,78,30000,3281,"Booth cantik untuk foto, Wi-Fi, AC, parkir motor, kursi ergonomis, stop kontak, menu kopi specialty","Tempatnya nyaman untuk nugas, untuk"
Kafe Kayu Manis,Metro,Cafe,4.4,176,30000,4876,"Cozy corner tersedia, AC, Wi-Fi gratis, charging station, toilet, parkir motor & mobil, snack box untuk takeaway",Kayu manis skrang pindh kemana ya
One Coffee,Metro,Cafe,4,37,50000,3985,"Study corner, Wi-Fi 50Mbps, colokan banyak, AC, mushola, parkir, wastafel, menu all-day breakfast","Tempatnya nyaman, pas liat menu kaget kok murah bgt kopinya."
Green Garden Cafe,Metro,Cafe,4.4,16,25000,5683,"Study corner, Wi-Fi 50Mbps, colokan banyak, AC, mushola, parkir, wastafel, menu all-day breakfast",Makan di tempat
Rumah Makan Kayu Watu,Metro,Cafe,4.1,1345,30000,2074,"Area rooftop, Wi-Fi, AC dalam ruangan, outdoor terrace, parkir, toilet bersih, background foto unik","baguss,adem,sukaa,tpi diganggu sm kucing dsna jadi kurang nyamann"
SCHMIED,Metro,Cafe,4.8,94,30000,4771,"Suasana estetik, Wi-Fi, spot foto, AC, outdoor area, parkir, delivery via GoFood & GrabFood, menu seasonal",Tapi favorite aku creamy bold
Kopi Janji Jiwa & Jiwa Toast Metro,Metro,Cafe,4.4,368,30000,3420,"Wi-Fi kencang, colokan listrik di setiap meja, AC, parkir motor, toilet bersih, menu vegan, outdoor seating","Tapi terlepas dari semua itu, kopinya cukup enak."
JEMBAR CAFE METRO,Metro,Cafe,5,4,50000,8111,"Study corner, Wi-Fi 50Mbps, colokan banyak, AC, mushola, parkir, wastafel, menu all-day breakfast",Makan di tempat
MaMa CafÃ© & Resto,Metro,Cafe,4.3,300,30000,3158,"Cozy corner tersedia, AC, Wi-Fi gratis, charging station, toilet, parkir motor & mobil, snack box untuk takeaway","Nyaman suasana, nyaman lingkungannya."
Studio DJajan Metro,Metro,Cafe,4.7,169,50000,9149,"Wi-Fi kencang, colokan listrik di setiap meja, AC, parkir motor, toilet bersih, menu vegan, outdoor seating",Nyaman bannget tempatnyaðŸ¤©
Ohana Kafe & Social Space,Metro,Cafe,4.5,24,25000,9498,"Suasana estetik, Wi-Fi, spot foto, AC, outdoor area, parkir, delivery via GoFood & GrabFood, menu seasonal","Cafe hits yang tidak hanya mengandalkan tampilan. Rasanya juga ikut naik kelas. Kopi signature-nya unik dan enak. Tempat bersih, musik background pas. Nggak nyesel jauh-jauh ke sini."
Glace House Ice Cream and Coffee,Metro,Cafe,4.8,70,25000,6249,"Area rooftop, Wi-Fi, AC dalam ruangan, outdoor terrace, parkir, toilet bersih, background foto unik",Sering dateng ke sini karena caffenya cozy banget.
Sun shine coffee shop,Metro,Cafe,4.6,36,50000,4245,"Wi-Fi kencang, colokan listrik di setiap meja, AC, parkir motor, toilet bersih, menu vegan, outdoor seating",Murah & cozy
SB Cafe & Resto,Metro,Cafe,4.7,14,50000,6978,"Cozy corner tersedia, AC, Wi-Fi gratis, charging station, toilet, parkir motor & mobil, snack box untuk takeaway","Tempat nyaman,live musik dan makanan yg murah meriah tapi enak."
Mixue Metro,Metro,Cafe,4.5,446,30000,4669,"Suasana estetik, Wi-Fi, spot foto, AC, outdoor area, parkir, delivery via GoFood & GrabFood, menu seasonal",Yg saya pesan ini varian bobba sundae dan strawberry mi-shake.
Alove kitchen metro,Metro,Cafe,5,1,100000,7941,"Booth cantik untuk foto, Wi-Fi, AC, parkir motor, kursi ergonomis, stop kontak, menu kopi specialty",Makan di tempat
SUSU RASA METRO,Metro,Cafe,4.8,42,25000,4983,"Booth cantik untuk foto, Wi-Fi, AC, parkir motor, kursi ergonomis, stop kontak, menu kopi specialty",Minuman bagus untuk kesehatan.
Esofagus Coffee & Eat,Metro,Cafe,4.6,38,50000,3672,"Booth cantik untuk foto, Wi-Fi, AC, parkir motor, kursi ergonomis, stop kontak, menu kopi specialty",tempat yg nyaman untuk kumpul2.
Secangkir Jawa 142,Metro,Cafe,4.9,14,25000,8688,"Suasana estetik, Wi-Fi, spot foto, AC, outdoor area, parkir, delivery via GoFood & GrabFood, menu seasonal",Makan di tempat
Kopi Sheo X Donat EO Metro,Metro,Cafe,4.5,137,50000,11728,"Area rooftop, Wi-Fi, AC dalam ruangan, outdoor terrace, parkir, toilet bersih, background foto unik","caffe kantong pelajar, merekomendasikan kopi nya sih enak banget coi"
Lokita Metro,Metro,Cafe,4.1,28,30000,2554,"Cozy corner tersedia, AC, Wi-Fi gratis, charging station, toilet, parkir motor & mobil, snack box untuk takeaway",Makan di tempat
warnog kafe,Metro,Cafe,4.4,65,30000,9071,"Study corner, Wi-Fi 50Mbps, colokan banyak, AC, mushola, parkir, wastafel, menu all-day breakfast",Nyaman dan asik
Star One Metro,Metro,Cafe,3.8,41,30000,1082,"Booth cantik untuk foto, Wi-Fi, AC, parkir motor, kursi ergonomis, stop kontak, menu kopi specialty",Banyak cewek cantik
"Kedai Kopi 4274 Metro,Lamtim",Metro,Cafe,4.9,10,30000,11289,"Suasana estetik, Wi-Fi, spot foto, AC, outdoor area, parkir, delivery via GoFood & GrabFood, menu seasonal",Semua menu minuman dan makanan bisa take way.
Kopi Kuda Cahaya Metro Lampung,Metro,Cafe,5,28,30000,8590,"Wi-Fi kencang, colokan listrik di setiap meja, AC, parkir motor, toilet bersih, menu vegan, outdoor seating",Enak tempat untuk ngopi dan break nya jg pas pkonya.
"Cafe&lesto sawah padi dengan pemandangan sawah, metro mulyojati pasar jamur",Metro,Cafe,4.3,45,30000,851,"Booth cantik untuk foto, Wi-Fi, AC, parkir motor, kursi ergonomis, stop kontak, menu kopi specialty",Makan di tempat
Lokal Coffee,Metro,Cafe,4.6,102,30000,9882,"Sofa nyaman, meja kerja panjang, Wi-Fi 100Mbps, colokan, AC, live acoustic music Jumat-Sabtu, parkir gratis",Makan di tempat
STMJ 21 METRO,Metro,Cafe,4.9,14,25000,11031,"Cozy corner tersedia, AC, Wi-Fi gratis, charging station, toilet, parkir motor & mobil, snack box untuk takeaway","Rasa jahenya mantap, amis telornya juga tak terasa, pelayanan ramah."
The Matcha Kyoto Metro Lampung,Metro,Cafe,4.2,12,25000,1232,"Wi-Fi kencang, colokan listrik di setiap meja, AC, parkir motor, toilet bersih, menu vegan, outdoor seating","Instagramable tapi beneran enak juga. Banyak pilihan menu dari minuman kopi, matcha, sampai thai tea. Camilan-nya juga oke. Harga masih terjangkau untuk kualitasnya. Rekomen!"
Tempat Nongkrong,Metro,Cafe,4.8,8,30000,10102,"Area rooftop, Wi-Fi, AC dalam ruangan, outdoor terrace, parkir, toilet bersih, background foto unik",Makan di tempat
mili.coffee,Metro,Cafe,4.9,15,30000,8934,"Area rooftop, Wi-Fi, AC dalam ruangan, outdoor terrace, parkir, toilet bersih, background foto unik","T4 nya nyaman , kopiny enk, murah, mudah dijangkau"
BELLMAN,Metro,Cafe,4.1,91,30000,3403,"Suasana estetik, Wi-Fi, spot foto, AC, outdoor area, parkir, delivery via GoFood & GrabFood, menu seasonal","Menu yang ditawarkan banyak, mulai dari perkopian, sampai yg non kopi."
One coffee 15a,Metro,Cafe,4.9,7,30000,10532,"Area rooftop, Wi-Fi, AC dalam ruangan, outdoor terrace, parkir, toilet bersih, background foto unik","Tempat nya sangat nyaman dan bersih,kopi dan makanannya juga enak"
Coffee Night,Metro,Cafe,4.1,38,30000,3697,"Sofa nyaman, meja kerja panjang, Wi-Fi 100Mbps, colokan, AC, live acoustic music Jumat-Sabtu, parkir gratis",Makan di tempat
Point Coffee,Metro,Cafe,4.4,34,30000,5506,"Booth cantik untuk foto, Wi-Fi, AC, parkir motor, kursi ergonomis, stop kontak, menu kopi specialty",Minuman nya enak dan cocok buat santai sore atau malam hari
Kopi Tubruk Metro,Metro,Cafe,4.3,243,30000,2583,"Wi-Fi kencang, colokan listrik di setiap meja, AC, parkir motor, toilet bersih, menu vegan, outdoor seating","Lumayan untuk santai sambil ngopi, fress lagi, kopinya juga enak"
Metro Trading Center,Metro,Cafe,5,2,30000,5885,"Booth cantik untuk foto, Wi-Fi, AC, parkir motor, kursi ergonomis, stop kontak, menu kopi specialty",Makan di tempat
Jimbaran Lounge Dan Resto,Metro,Cafe,4.4,138,30000,11548,"Study corner, Wi-Fi 50Mbps, colokan banyak, AC, mushola, parkir, wastafel, menu all-day breakfast","makanan enak,tapi nyari pakai map malah nyasar"
Moromari Coffee,Metro,Cafe,4.8,8,50000,7425,"Cozy corner tersedia, AC, Wi-Fi gratis, charging station, toilet, parkir motor & mobil, snack box untuk takeaway",Buat yang suka kopi kopi merwpattt
Lembah Dempo Cafe N Resto,Metro,Cafe,4.1,843,25000,3322,"Booth cantik untuk foto, Wi-Fi, AC, parkir motor, kursi ergonomis, stop kontak, menu kopi specialty",Menu
SUSI Cafe & Resto,Metro,Cafe,4.3,115,30000,3004,"Suasana estetik, Wi-Fi, spot foto, AC, outdoor area, parkir, delivery via GoFood & GrabFood, menu seasonal",Makan di tempat
GREEN CAMPUS CAFE,Metro,Cafe,5,4,30000,10921,"Booth cantik untuk foto, Wi-Fi, AC, parkir motor, kursi ergonomis, stop kontak, menu kopi specialty",Makan di tempat
Almadina foodie,Metro,Cafe,4.7,32,30000,10616,"Cozy corner tersedia, AC, Wi-Fi gratis, charging station, toilet, parkir motor & mobil, snack box untuk takeaway",Semoga awet yaa supaya metro ga kehilangan
FOLKF*CKING.MC,Metro,Cafe,4.9,18,50000,10136,"Wi-Fi kencang, colokan listrik di setiap meja, AC, parkir motor, toilet bersih, menu vegan, outdoor seating","Tempatnya asikk, gak nyesel deh klok nongki d swasanadaun"
20 KOPI,Metro,Cafe,4.9,19,30000,7397,"Sofa nyaman, meja kerja panjang, Wi-Fi 100Mbps, colokan, AC, live acoustic music Jumat-Sabtu, parkir gratis",The best
Cafe KeCe,Metro,Cafe,4.5,34,30000,8280,"Wi-Fi kencang, colokan listrik di setiap meja, AC, parkir motor, toilet bersih, menu vegan, outdoor seating",Makanannya lumayan enak tempatnya nyaman
Love Story metro,Metro,Cafe,4.4,67,30000,7022,"Wi-Fi kencang, colokan listrik di setiap meja, AC, parkir motor, toilet bersih, menu vegan, outdoor seating",Makan di tempat
Koffie swoning & Pojok Baca Sejarah dan UMKM,Metro,Cafe,4.7,13,30000,4419,"Suasana estetik, Wi-Fi, spot foto, AC, outdoor area, parkir, delivery via GoFood & GrabFood, menu seasonal",Makan di tempat
UP2U Board Game Cafe,Metro,Cafe,4.8,183,50000,7569,"Cozy corner tersedia, AC, Wi-Fi gratis, charging station, toilet, parkir motor & mobil, snack box untuk takeaway","Perfect spot buat kerja atau ngobrol santai. Internet lancar, banyak colokan, kursi nyaman. Pesanan cepat datang. Minumannya memuaskan. Sering balik ke sini tiap minggu."
"Kaisha Cafe, Resto & Live Music",Metro,Cafe,4,19,30000,2646,"Wi-Fi kencang, colokan listrik di setiap meja, AC, parkir motor, toilet bersih, menu vegan, outdoor seating",Makan di tempat
Matrox Photo & Cafe,Metro,Cafe,4.4,353,30000,6995,"Wi-Fi kencang, colokan listrik di setiap meja, AC, parkir motor, toilet bersih, menu vegan, outdoor seating","Nyobain mix platter sama kopinya, dua duanya cukup enak."
Mabes Cafe,Metro,Cafe,4.7,47,30000,10613,"Sofa nyaman, meja kerja panjang, Wi-Fi 100Mbps, colokan, AC, live acoustic music Jumat-Sabtu, parkir gratis","Tempatnya nyaman, makanan enak"
.NOL coffee,Metro,Cafe,4.7,7,50000,9209,"Area rooftop, Wi-Fi, AC dalam ruangan, outdoor terrace, parkir, toilet bersih, background foto unik",Mantap kopinya
UNO KOPI METRO,Metro,Cafe,5,1,25000,8511,"Sofa nyaman, meja kerja panjang, Wi-Fi 100Mbps, colokan, AC, live acoustic music Jumat-Sabtu, parkir gratis",Makan di tempat
Sunny coffee,Metro,Cafe,4.7,19,25000,3470,"Cozy corner tersedia, AC, Wi-Fi gratis, charging station, toilet, parkir motor & mobil, snack box untuk takeaway",Makan di tempat
AKGL RESTO & CAFE,Metro,Cafe,4.5,11,50000,11098,"Cozy corner tersedia, AC, Wi-Fi gratis, charging station, toilet, parkir motor & mobil, snack box untuk takeaway",Minuman oke suasana cocok untuk bersantai .
Halona Cafe,Metro,Cafe,5,5,50000,8325,"Suasana estetik, Wi-Fi, spot foto, AC, outdoor area, parkir, delivery via GoFood & GrabFood, menu seasonal",Tempat nongki penyuka kopi dan eatery
Coffee Lempuyang 29,Metro,Cafe,5,3,30000,5979,"Booth cantik untuk foto, Wi-Fi, AC, parkir motor, kursi ergonomis, stop kontak, menu kopi specialty","Ramah, enak dan ekonomis."
TERAS RUMAH CAFE,Metro,Cafe,5,13,100000,10988,"Booth cantik untuk foto, Wi-Fi, AC, parkir motor, kursi ergonomis, stop kontak, menu kopi specialty",Menjadi mudah
Melody Cafe & Metro Akustik Bandar Jaya,Metro,Cafe,4.2,281,25000,1668,"Booth cantik untuk foto, Wi-Fi, AC, parkir motor, kursi ergonomis, stop kontak, menu kopi specialty","Tempatnya nyaman, seblaknya enak, penjualnya ramahðŸ‘"
Cafe Vino,Metro,Cafe,4,2,50000,2253,"Area rooftop, Wi-Fi, AC dalam ruangan, outdoor terrace, parkir, toilet bersih, background foto unik",Lumayan bagus
Dio Coffe & Shop,Metro,Cafe,5,2,25000,7232,"Cozy corner tersedia, AC, Wi-Fi gratis, charging station, toilet, parkir motor & mobil, snack box untuk takeaway",Makan di tempat
Play Cafe,Metro,Cafe,4.3,7,50000,2194,"Area rooftop, Wi-Fi, AC dalam ruangan, outdoor terrace, parkir, toilet bersih, background foto unik",Makan di tempat
Nuwo Intan (Cafe Dan Kuliner Serta Permainan),Metro,Cafe,4.5,30,30000,7581,"Booth cantik untuk foto, Wi-Fi, AC, parkir motor, kursi ergonomis, stop kontak, menu kopi specialty",Salah satu Alternatif untuk kuliner di Metro
KOPI BUBUK ASLI TJAP KUDA - METRO LAMPUNG - SUMATERA,Metro,Cafe,4.8,29,30000,7526,"Booth cantik untuk foto, Wi-Fi, AC, parkir motor, kursi ergonomis, stop kontak, menu kopi specialty",Kopinya mantap kalo ke Lampung pasti beli kopi disini
Makan Minum Metro,Metro,Cafe,4.5,10,30000,3166,"Sofa nyaman, meja kerja panjang, Wi-Fi 100Mbps, colokan, AC, live acoustic music Jumat-Sabtu, parkir gratis",Tempat sangat nyaman dan harga terjangkau
Betrix Cafe,Metro,Cafe,5,3,30000,11464,"Cozy corner tersedia, AC, Wi-Fi gratis, charging station, toilet, parkir motor & mobil, snack box untuk takeaway","Roti bakarnya aja dah Oke, apa lagi + es krim."
"CROWN Thai Tea, Metro Timur",Metro,Cafe,4.5,28,30000,6130,"Booth cantik untuk foto, Wi-Fi, AC, parkir motor, kursi ergonomis, stop kontak, menu kopi specialty",Makan di tempat
Rama's coffe late,Metro,Cafe,4.5,33,30000,4402,"Wi-Fi kencang, colokan listrik di setiap meja, AC, parkir motor, toilet bersih, menu vegan, outdoor seating",Makan di tempat
Green Cafe,Metro,Cafe,4.4,69,30000,6954,"Study corner, Wi-Fi 50Mbps, colokan banyak, AC, mushola, parkir, wastafel, menu all-day breakfast","Enakk aku suka semuaaa makanan di sini
 Apalagi paket ayamnya enak"
Cafe Kang Silman,Metro,Cafe,4.8,5,25000,9658,"Cozy corner tersedia, AC, Wi-Fi gratis, charging station, toilet, parkir motor & mobil, snack box untuk takeaway",Makan di tempat
Logaritma Coffee,Metro,Cafe,5,13,25000,11004,"Area rooftop, Wi-Fi, AC dalam ruangan, outdoor terrace, parkir, toilet bersih, background foto unik",Makan di tempat
Metro Coffee Bar,Metro,Cafe,4.4,1132,30000,6937,"Cozy corner tersedia, AC, Wi-Fi gratis, charging station, toilet, parkir motor & mobil, snack box untuk takeaway",Banyak pilihan menu.
Papaben Donuts and Coffee,Metro,Cafe,4.6,549,30000,10800,"Suasana estetik, Wi-Fi, spot foto, AC, outdoor area, parkir, delivery via GoFood & GrabFood, menu seasonal",kalo ke papaben seringnya beli pie brownies sm americano~
Kopi forever metro,Metro,Cafe,5,3,30000,11041,"Wi-Fi kencang, colokan listrik di setiap meja, AC, parkir motor, toilet bersih, menu vegan, outdoor seating",Makan di tempat
Lebah Coffee Metro,Metro,Cafe,4.3,54,30000,2635,"Booth cantik untuk foto, Wi-Fi, AC, parkir motor, kursi ergonomis, stop kontak, menu kopi specialty",Makan di tempat
Jekoffie,Metro,Cafe,4.6,8,30000,3282,"Suasana estetik, Wi-Fi, spot foto, AC, outdoor area, parkir, delivery via GoFood & GrabFood, menu seasonal","Ok , enak buat santai"
Kopi Senyum Manis,Metro,Cafe,4.6,26,30000,4524,"Sofa nyaman, meja kerja panjang, Wi-Fi 100Mbps, colokan, AC, live acoustic music Jumat-Sabtu, parkir gratis",Rasa kopinya enak dan creamy.
Book Caffe'N Resto,Metro,Cafe,4.7,3,30000,7820,"Cozy corner tersedia, AC, Wi-Fi gratis, charging station, toilet, parkir motor & mobil, snack box untuk takeaway",Makan di tempat
KAUMAN STREET FOOD,Metro,Cafe,3.8,6,30000,1707,"Cozy corner tersedia, AC, Wi-Fi gratis, charging station, toilet, parkir motor & mobil, snack box untuk takeaway",Makan di tempat
"Sky Gardens Cafe, Bar & Restaurant",Metro,Cafe,4.3,119,30000,2456,"Sofa nyaman, meja kerja panjang, Wi-Fi 100Mbps, colokan, AC, live acoustic music Jumat-Sabtu, parkir gratis",Tempat karaoke dan makan yang cozy bersama teman dan keluarga
hypo aquarium cafe,Metro,Cafe,4.3,3,50000,3633,"Study corner, Wi-Fi 50Mbps, colokan banyak, AC, mushola, parkir, wastafel, menu all-day breakfast",Makan di tempat
Waroeng nongkrong,Metro,Cafe,4,23,25000,1796,"Suasana estetik, Wi-Fi, spot foto, AC, outdoor area, parkir, delivery via GoFood & GrabFood, menu seasonal",Ada live musicnya
Kopi sheo metro,Metro,Cafe,2,2,30000,413,"Wi-Fi kencang, colokan listrik di setiap meja, AC, parkir motor, toilet bersih, menu vegan, outdoor seating",Makan di tempat
COFFA HOUSE,Metro,Cafe,3.9,11,30000,3519,"Booth cantik untuk foto, Wi-Fi, AC, parkir motor, kursi ergonomis, stop kontak, menu kopi specialty",Makan di tempat
Fruitice_metro,Metro,Cafe,4.6,32,30000,9046,"Suasana estetik, Wi-Fi, spot foto, AC, outdoor area, parkir, delivery via GoFood & GrabFood, menu seasonal",tempat nyaman
Mie Ling Ling Metro Lampung,Metro,Cafe,4.8,20,50000,10753,"Area rooftop, Wi-Fi, AC dalam ruangan, outdoor terrace, parkir, toilet bersih, background foto unik",pelayanan cepat dan ramah.
h&h kedai,Metro,Cafe,5,4,30000,11698,"Booth cantik untuk foto, Wi-Fi, AC, parkir motor, kursi ergonomis, stop kontak, menu kopi specialty",Makan di tempat
CAFFE IRWAN,Metro,Cafe,5,1,50000,8632,"Suasana estetik, Wi-Fi, spot foto, AC, outdoor area, parkir, delivery via GoFood & GrabFood, menu seasonal",Makan di tempat
Waroeng Abnormal metro,Metro,Cafe,3.9,268,25000,2542,"Wi-Fi kencang, colokan listrik di setiap meja, AC, parkir motor, toilet bersih, menu vegan, outdoor seating",Waktu hujan tampias jadi bikin salting orang makan.
Kopi Alam x Titik Singgah,Metro,Cafe,4,27,25000,3855,"Cozy corner tersedia, AC, Wi-Fi gratis, charging station, toilet, parkir motor & mobil, snack box untuk takeaway",Makan di tempat
METRO CAFE,Metro,Cafe,4.2,194,50000,3054,"Suasana estetik, Wi-Fi, spot foto, AC, outdoor area, parkir, delivery via GoFood & GrabFood, menu seasonal","Kali kedua saya kesini, memesan v60 & coffe wine."